nodename,batch,solution,version,git,task,data,timestamp,action,stderr,ret
RYZEN,1732966182,data.table,1.16.99,546259ddaba0e8ab1506729113688f85ca2986fd,groupby,G1_1e7_1e2_0_0,1732966190.59068,start,,
RYZEN,1732966182,data.table,1.16.99,546259ddaba0e8ab1506729113688f85ca2986fd,groupby,G1_1e7_1e2_0_0,1732966203.91222,finish,0,0
RYZEN,1732966182,data.table,1.16.99,546259ddaba0e8ab1506729113688f85ca2986fd,groupby,G1_1e8_1e2_0_0,1732966218.9283,start,,
RYZEN,1732966182,data.table,1.16.99,546259ddaba0e8ab1506729113688f85ca2986fd,groupby,G1_1e8_1e2_0_0,1732966357.59478,finish,0,0
RYZEN,1732966182,data.table,1.16.99,546259ddaba0e8ab1506729113688f85ca2986fd,join,J1_1e7_NA_0_0,1732966372.61092,start,,
RYZEN,1732966182,data.table,1.16.99,546259ddaba0e8ab1506729113688f85ca2986fd,join,J1_1e7_NA_0_0,1732966507.46248,finish,0,0
RYZEN,1732966182,data.table,1.16.99,546259ddaba0e8ab1506729113688f85ca2986fd,join,J1_1e8_NA_0_0,1732966522.48231,start,,
RYZEN,1732966182,data.table,1.16.99,546259ddaba0e8ab1506729113688f85ca2986fd,join,J1_1e8_NA_0_0,1732968331.6661,finish,3,0
RYZEN,1732966182,pandas,2.2.3,0691c5cf90477d3503834d983f69350f250a6ff7,groupby,G1_1e7_1e2_0_0,1732968346.67762,start,,
RYZEN,1732966182,pandas,2.2.3,0691c5cf90477d3503834d983f69350f250a6ff7,groupby,G1_1e7_1e2_0_0,1732968373.76312,finish,4,0
RYZEN,1732966182,pandas,2.2.3,0691c5cf90477d3503834d983f69350f250a6ff7,groupby,G1_1e8_1e2_0_0,1732968388.77932,start,,
RYZEN,1732966182,pandas,2.2.3,0691c5cf90477d3503834d983f69350f250a6ff7,groupby,G1_1e8_1e2_0_0,1732968728.50354,finish,4,0
RYZEN,1732966182,pandas,2.2.3,0691c5cf90477d3503834d983f69350f250a6ff7,join,J1_1e7_NA_0_0,1732968743.51877,start,,
RYZEN,1732966182,pandas,2.2.3,0691c5cf90477d3503834d983f69350f250a6ff7,join,J1_1e7_NA_0_0,1732968792.28857,finish,0,0
RYZEN,1732966182,pandas,2.2.3,0691c5cf90477d3503834d983f69350f250a6ff7,join,J1_1e8_NA_0_0,1732968807.29951,start,,
RYZEN,1732966182,pandas,2.2.3,0691c5cf90477d3503834d983f69350f250a6ff7,join,J1_1e8_NA_0_0,1732969509.00526,finish,0,0
RYZEN,1732966182,polars,1.14.0,,groupby,G1_1e7_1e2_0_0,1732969524.01781,start,,
RYZEN,1732966182,polars,1.14.0,,groupby,G1_1e7_1e2_0_0,1732969551.39206,finish,0,0
RYZEN,1732966182,polars,1.14.0,,groupby,G1_1e8_1e2_0_0,1732969566.40722,start,,
RYZEN,1732966182,polars,1.14.0,,groupby,G1_1e8_1e2_0_0,1732969807.94982,finish,0,0
RYZEN,1732966182,polars,1.14.0,,join,J1_1e7_NA_0_0,1732969822.96494,start,,
RYZEN,1732966182,polars,1.14.0,,join,J1_1e7_NA_0_0,1732969874.30153,finish,0,0
RYZEN,1732966182,polars,1.14.0,,join,J1_1e8_NA_0_0,1732969889.3093,start,,
RYZEN,1732966182,polars,1.14.0,,join,J1_1e8_NA_0_0,1732970413.49153,finish,0,0
RYZEN,1732966182,duckdb,1.1.0,fa5c2fe15f,groupby,G1_1e7_1e2_0_0,1732970428.50758,start,,
RYZEN,1732966182,duckdb,1.1.0,fa5c2fe15f,groupby,G1_1e7_1e2_0_0,1732970437.43218,finish,2,0
RYZEN,1732966182,duckdb,1.1.0,fa5c2fe15f,groupby,G1_1e8_1e2_0_0,1732970452.47288,start,,
RYZEN,1732966182,duckdb,1.1.0,fa5c2fe15f,groupby,G1_1e8_1e2_0_0,1732970507.91253,finish,2,0
RYZEN,1732966182,duckdb,1.1.0,fa5c2fe15f,join,J1_1e7_NA_0_0,1732970522.92276,start,,
RYZEN,1732966182,duckdb,1.1.0,fa5c2fe15f,join,J1_1e7_NA_0_0,1732970532.15646,finish,0,0
RYZEN,1732966182,duckdb,1.1.0,fa5c2fe15f,join,J1_1e8_NA_0_0,1732970547.16962,start,,
RYZEN,1732966182,duckdb,1.1.0,fa5c2fe15f,join,J1_1e8_NA_0_0,1732970623.71295,finish,0,0
RYZEN,1732981931,data.table,1.16.99,546259ddaba0e8ab1506729113688f85ca2986fd,groupby,G1_3e8_1e2_0_0,1732981937.98003,start,,
RYZEN,1732981931,data.table,1.16.99,546259ddaba0e8ab1506729113688f85ca2986fd,groupby,G1_3e8_1e2_0_0,1732982449.35618,finish,0,0
RYZEN,1732981931,data.table,1.16.99,546259ddaba0e8ab1506729113688f85ca2986fd,join,J1_1e7_NA_0_0,1732982464.37085,start,,
RYZEN,1732981931,data.table,1.16.99,546259ddaba0e8ab1506729113688f85ca2986fd,join,J1_1e7_NA_0_0,1732982601.79242,finish,0,0
RYZEN,1732981931,data.table,1.16.99,546259ddaba0e8ab1506729113688f85ca2986fd,join,J1_1e8_NA_0_0,1732982616.80691,start,,
RYZEN,1732981931,data.table,1.16.99,546259ddaba0e8ab1506729113688f85ca2986fd,join,J1_1e8_NA_0_0,1732984434.01468,finish,3,0
RYZEN,1732981931,pandas,2.2.3,0691c5cf90477d3503834d983f69350f250a6ff7,groupby,G1_3e8_1e2_0_0,1732984449.02869,start,,
RYZEN,1732981931,pandas,2.2.3,0691c5cf90477d3503834d983f69350f250a6ff7,groupby,G1_3e8_1e2_0_0,1732988067.99207,finish,1,0
RYZEN,1732981931,pandas,2.2.3,0691c5cf90477d3503834d983f69350f250a6ff7,join,J1_1e7_NA_0_0,1732988083.00726,start,,
RYZEN,1732981931,pandas,2.2.3,0691c5cf90477d3503834d983f69350f250a6ff7,join,J1_1e7_NA_0_0,1732988135.27393,finish,0,0
RYZEN,1732981931,pandas,2.2.3,0691c5cf90477d3503834d983f69350f250a6ff7,join,J1_1e8_NA_0_0,1732988150.28445,start,,
RYZEN,1732981931,pandas,2.2.3,0691c5cf90477d3503834d983f69350f250a6ff7,join,J1_1e8_NA_0_0,1732988850.86154,finish,0,0
RYZEN,1732981931,polars,1.14.0,,groupby,G1_3e8_1e2_0_0,1732988865.88,start,,
RYZEN,1732981931,polars,1.14.0,,groupby,G1_3e8_1e2_0_0,1732992779.86233,finish,1,0
RYZEN,1732981931,polars,1.14.0,,join,J1_1e7_NA_0_0,1732992794.86656,start,,
RYZEN,1732981931,polars,1.14.0,,join,J1_1e7_NA_0_0,1732992849.94151,finish,0,0
RYZEN,1732981931,polars,1.14.0,,join,J1_1e8_NA_0_0,1732992864.94399,start,,
RYZEN,1732981931,polars,1.14.0,,join,J1_1e8_NA_0_0,1732993404.16526,finish,0,0
RYZEN,1732981931,duckdb,1.1.0,fa5c2fe15f,groupby,G1_3e8_1e2_0_0,1732993419.16893,start,,
RYZEN,1732981931,duckdb,1.1.0,fa5c2fe15f,groupby,G1_3e8_1e2_0_0,1732994408.74898,finish,2,0
RYZEN,1732981931,duckdb,1.1.0,fa5c2fe15f,join,J1_1e7_NA_0_0,1732994423.7639,start,,
RYZEN,1732981931,duckdb,1.1.0,fa5c2fe15f,join,J1_1e7_NA_0_0,1732994434.82469,finish,0,0
RYZEN,1732981931,duckdb,1.1.0,fa5c2fe15f,join,J1_1e8_NA_0_0,1732994449.84004,start,,
RYZEN,1732981931,duckdb,1.1.0,fa5c2fe15f,join,J1_1e8_NA_0_0,1732994541.96101,finish,0,0
RYZEN,1733000777,data.table,1.16.99,546259ddaba0e8ab1506729113688f85ca2986fd,groupby,G1_3e8_1e2_0_0,1733000783.55412,start,,
RYZEN,1733000777,data.table,1.16.99,546259ddaba0e8ab1506729113688f85ca2986fd,groupby,G1_3e8_1e2_0_0,1733001304.06655,finish,0,0
RYZEN,1733000777,data.table,1.16.99,546259ddaba0e8ab1506729113688f85ca2986fd,join,J1_3e8_NA_0_0,1733001319.08112,start,,
RYZEN,1733040966,pandas,2.2.3,0691c5cf90477d3503834d983f69350f250a6ff7,groupby,G1_3e8_1e2_0_0,1733040974.31917,start,,
RYZEN,1733051933,polars,1.14.0,,groupby,G1_3e8_1e2_0_0,1733051935.61071,start,,
RYZEN,1733056546,duckdb,1.1.0,fa5c2fe15f,groupby,G1_3e8_1e2_0_0,1733056547.87473,start,,
RYZEN,1733056546,duckdb,1.1.0,fa5c2fe15f,groupby,G1_3e8_1e2_0_0,1733057399.97177,finish,2,0
RYZEN,1733124653,duckdb,1.1.0,fa5c2fe15f,join,J1_3e8_NA_0_0,1733124655.40518,start,,
RYZEN,1733132890,polars,1.14.0,,join,J1_3e8_NA_0_0,1733132892.52375,start,,
