nodename,batch,timestamp,task,data,in_rows,question,out_rows,out_cols,solution,version,git,fun,run,time_sec,mem_gb,cache,chk,chk_time_sec,comment,on_disk
RYZEN,1732966182,1732966196,groupby,G1_1e7_1e2_0_0,10000000,sum v1 by id1,100,2,data.table,1.16.99,546259ddaba0e8ab1506729113688f85ca2986fd,[.data.table,1,0.106,NA,TRUE,29998789,0.002,NA,FALSE
RYZEN,1732966182,1732966196,groupby,G1_1e7_1e2_0_0,10000000,sum v1 by id1,100,2,data.table,1.16.99,546259ddaba0e8ab1506729113688f85ca2986fd,[.data.table,2,0.104,NA,TRUE,29998789,0.001,NA,FALSE
RYZEN,1732966182,1732966196,groupby,G1_1e7_1e2_0_0,10000000,sum v1 by id1:id2,10000,3,data.table,1.16.99,546259ddaba0e8ab1506729113688f85ca2986fd,[.data.table,1,0.128,NA,TRUE,29998789,0.001,NA,FALSE
RYZEN,1732966182,1732966196,groupby,G1_1e7_1e2_0_0,10000000,sum v1 by id1:id2,10000,3,data.table,1.16.99,546259ddaba0e8ab1506729113688f85ca2986fd,[.data.table,2,0.122,NA,TRUE,29998789,0.001,NA,FALSE
RYZEN,1732966182,1732966196,groupby,G1_1e7_1e2_0_0,10000000,sum v1 mean v3 by id3,100000,3,data.table,1.16.99,546259ddaba0e8ab1506729113688f85ca2986fd,[.data.table,1,0.172,NA,TRUE,29998789;4999720,0.001,NA,FALSE
RYZEN,1732966182,1732966197,groupby,G1_1e7_1e2_0_0,10000000,sum v1 mean v3 by id3,100000,3,data.table,1.16.99,546259ddaba0e8ab1506729113688f85ca2986fd,[.data.table,2,0.174,NA,TRUE,29998789;4999720,0.001,NA,FALSE
RYZEN,1732966182,1732966197,groupby,G1_1e7_1e2_0_0,10000000,mean v1:v3 by id4,100,4,data.table,1.16.99,546259ddaba0e8ab1506729113688f85ca2986fd,[.data.table,1,0.232,NA,TRUE,299.988;799.8942;4999.767,0.001,NA,FALSE
RYZEN,1732966182,1732966197,groupby,G1_1e7_1e2_0_0,10000000,mean v1:v3 by id4,100,4,data.table,1.16.99,546259ddaba0e8ab1506729113688f85ca2986fd,[.data.table,2,0.164,NA,TRUE,299.988;799.8942;4999.767,0,NA,FALSE
RYZEN,1732966182,1732966197,groupby,G1_1e7_1e2_0_0,10000000,sum v1:v3 by id6,100000,4,data.table,1.16.99,546259ddaba0e8ab1506729113688f85ca2986fd,[.data.table,1,0.177,NA,TRUE,29998789;79989360;499976651,0.001,NA,FALSE
RYZEN,1732966182,1732966198,groupby,G1_1e7_1e2_0_0,10000000,sum v1:v3 by id6,100000,4,data.table,1.16.99,546259ddaba0e8ab1506729113688f85ca2986fd,[.data.table,2,0.181,NA,TRUE,29998789;79989360;499976651,0.001,NA,FALSE
RYZEN,1732966182,1732966198,groupby,G1_1e7_1e2_0_0,10000000,median v3 sd v3 by id4 id5,10000,4,data.table,1.16.99,546259ddaba0e8ab1506729113688f85ca2986fd,[.data.table,1,0.453,NA,TRUE,499920.1;288648.1,0.001,NA,FALSE
RYZEN,1732966182,1732966199,groupby,G1_1e7_1e2_0_0,10000000,median v3 sd v3 by id4 id5,10000,4,data.table,1.16.99,546259ddaba0e8ab1506729113688f85ca2986fd,[.data.table,2,0.445,NA,TRUE,499920.1;288648.1,0.001,NA,FALSE
RYZEN,1732966182,1732966199,groupby,G1_1e7_1e2_0_0,10000000,max v1 - min v2 by id3,100000,2,data.table,1.16.99,546259ddaba0e8ab1506729113688f85ca2986fd,[.data.table,1,0.358,NA,TRUE,399882,0.001,NA,FALSE
RYZEN,1732966182,1732966200,groupby,G1_1e7_1e2_0_0,10000000,max v1 - min v2 by id3,100000,2,data.table,1.16.99,546259ddaba0e8ab1506729113688f85ca2986fd,[.data.table,2,0.342,NA,TRUE,399882,0,NA,FALSE
RYZEN,1732966182,1732966200,groupby,G1_1e7_1e2_0_0,10000000,largest two v3 by id6,200000,2,data.table,1.16.99,546259ddaba0e8ab1506729113688f85ca2986fd,[.data.table,1,0.426,NA,TRUE,19700451,0,NA,FALSE
RYZEN,1732966182,1732966201,groupby,G1_1e7_1e2_0_0,10000000,largest two v3 by id6,200000,2,data.table,1.16.99,546259ddaba0e8ab1506729113688f85ca2986fd,[.data.table,2,0.424,NA,TRUE,19700451,0.001,NA,FALSE
RYZEN,1732966182,1732966201,groupby,G1_1e7_1e2_0_0,10000000,regression v1 v2 by id2 id4,10000,3,data.table,1.16.99,546259ddaba0e8ab1506729113688f85ca2986fd,[.data.table,1,0.493,NA,TRUE,9.838641,0,NA,FALSE
RYZEN,1732966182,1732966202,groupby,G1_1e7_1e2_0_0,10000000,regression v1 v2 by id2 id4,10000,3,data.table,1.16.99,546259ddaba0e8ab1506729113688f85ca2986fd,[.data.table,2,0.518,NA,TRUE,9.838641,0.001,NA,FALSE
RYZEN,1732966182,1732966203,groupby,G1_1e7_1e2_0_0,10000000,sum v3 count by id1:id6,10000000,8,data.table,1.16.99,546259ddaba0e8ab1506729113688f85ca2986fd,[.data.table,1,0.93,NA,TRUE,499976651;10000000,0.04,NA,FALSE
RYZEN,1732966182,1732966204,groupby,G1_1e7_1e2_0_0,10000000,sum v3 count by id1:id6,10000000,8,data.table,1.16.99,546259ddaba0e8ab1506729113688f85ca2986fd,[.data.table,2,0.884,NA,TRUE,499976651;10000000,0.04,NA,FALSE
RYZEN,1732966182,1732966280,groupby,G1_1e8_1e2_0_0,100000000,sum v1 by id1,100,2,data.table,1.16.99,546259ddaba0e8ab1506729113688f85ca2986fd,[.data.table,1,0.952,NA,TRUE,299991302,0.002,NA,FALSE
RYZEN,1732966182,1732966281,groupby,G1_1e8_1e2_0_0,100000000,sum v1 by id1,100,2,data.table,1.16.99,546259ddaba0e8ab1506729113688f85ca2986fd,[.data.table,2,0.95,NA,TRUE,299991302,0.001,NA,FALSE
RYZEN,1732966182,1732966283,groupby,G1_1e8_1e2_0_0,100000000,sum v1 by id1:id2,10000,3,data.table,1.16.99,546259ddaba0e8ab1506729113688f85ca2986fd,[.data.table,1,1.177,NA,TRUE,299991302,0.001,NA,FALSE
RYZEN,1732966182,1732966285,groupby,G1_1e8_1e2_0_0,100000000,sum v1 by id1:id2,10000,3,data.table,1.16.99,546259ddaba0e8ab1506729113688f85ca2986fd,[.data.table,2,1.175,NA,TRUE,299991302,0,NA,FALSE
RYZEN,1732966182,1732966287,groupby,G1_1e8_1e2_0_0,100000000,sum v1 mean v3 by id3,1000000,3,data.table,1.16.99,546259ddaba0e8ab1506729113688f85ca2986fd,[.data.table,1,1.849,NA,TRUE,299991302;50001192,0.004,NA,FALSE
RYZEN,1732966182,1732966290,groupby,G1_1e8_1e2_0_0,100000000,sum v1 mean v3 by id3,1000000,3,data.table,1.16.99,546259ddaba0e8ab1506729113688f85ca2986fd,[.data.table,2,1.763,NA,TRUE,299991302;50001192,0.004,NA,FALSE
RYZEN,1732966182,1732966292,groupby,G1_1e8_1e2_0_0,100000000,mean v1:v3 by id4,100,4,data.table,1.16.99,546259ddaba0e8ab1506729113688f85ca2986fd,[.data.table,1,1.65,NA,TRUE,299.9913;799.9782;5000.104,0.001,NA,FALSE
RYZEN,1732966182,1732966295,groupby,G1_1e8_1e2_0_0,100000000,mean v1:v3 by id4,100,4,data.table,1.16.99,546259ddaba0e8ab1506729113688f85ca2986fd,[.data.table,2,1.988,NA,TRUE,299.9913;799.9782;5000.104,0.001,NA,FALSE
RYZEN,1732966182,1732966297,groupby,G1_1e8_1e2_0_0,100000000,sum v1:v3 by id6,1000000,4,data.table,1.16.99,546259ddaba0e8ab1506729113688f85ca2986fd,[.data.table,1,1.487,NA,TRUE,299991302;799978221;5000103938,0.006,NA,FALSE
RYZEN,1732966182,1732966299,groupby,G1_1e8_1e2_0_0,100000000,sum v1:v3 by id6,1000000,4,data.table,1.16.99,546259ddaba0e8ab1506729113688f85ca2986fd,[.data.table,2,1.495,NA,TRUE,299991302;799978221;5000103938,0.006,NA,FALSE
RYZEN,1732966182,1732966304,groupby,G1_1e8_1e2_0_0,100000000,median v3 sd v3 by id4 id5,10000,4,data.table,1.16.99,546259ddaba0e8ab1506729113688f85ca2986fd,[.data.table,1,4.362,NA,TRUE,500020;288668.4,0.001,NA,FALSE
RYZEN,1732966182,1732966309,groupby,G1_1e8_1e2_0_0,100000000,median v3 sd v3 by id4 id5,10000,4,data.table,1.16.99,546259ddaba0e8ab1506729113688f85ca2986fd,[.data.table,2,4.365,NA,TRUE,500020;288668.4,0.001,NA,FALSE
RYZEN,1732966182,1732966313,groupby,G1_1e8_1e2_0_0,100000000,max v1 - min v2 by id3,1000000,2,data.table,1.16.99,546259ddaba0e8ab1506729113688f85ca2986fd,[.data.table,1,4.036,NA,TRUE,3998729,0.002,NA,FALSE
RYZEN,1732966182,1732966318,groupby,G1_1e8_1e2_0_0,100000000,max v1 - min v2 by id3,1000000,2,data.table,1.16.99,546259ddaba0e8ab1506729113688f85ca2986fd,[.data.table,2,4.033,NA,TRUE,3998729,0.003,NA,FALSE
RYZEN,1732966182,1732966323,groupby,G1_1e8_1e2_0_0,100000000,largest two v3 by id6,2000000,2,data.table,1.16.99,546259ddaba0e8ab1506729113688f85ca2986fd,[.data.table,1,4.088,NA,TRUE,196996660,0.004,NA,FALSE
RYZEN,1732966182,1732966328,groupby,G1_1e8_1e2_0_0,100000000,largest two v3 by id6,2000000,2,data.table,1.16.99,546259ddaba0e8ab1506729113688f85ca2986fd,[.data.table,2,4.187,NA,TRUE,196996660,0.003,NA,FALSE
RYZEN,1732966182,1732966332,groupby,G1_1e8_1e2_0_0,100000000,regression v1 v2 by id2 id4,10000,3,data.table,1.16.99,546259ddaba0e8ab1506729113688f85ca2986fd,[.data.table,1,3.316,NA,TRUE,1.006723,0,NA,FALSE
RYZEN,1732966182,1732966335,groupby,G1_1e8_1e2_0_0,100000000,regression v1 v2 by id2 id4,10000,3,data.table,1.16.99,546259ddaba0e8ab1506729113688f85ca2986fd,[.data.table,2,2.987,NA,TRUE,1.006723,0.001,NA,FALSE
RYZEN,1732966182,1732966346,groupby,G1_1e8_1e2_0_0,100000000,sum v3 count by id1:id6,100000000,8,data.table,1.16.99,546259ddaba0e8ab1506729113688f85ca2986fd,[.data.table,1,9.958,NA,TRUE,5000103938;100000000,0.394,NA,FALSE
RYZEN,1732966182,1732966358,groupby,G1_1e8_1e2_0_0,100000000,sum v3 count by id1:id6,100000000,8,data.table,1.16.99,546259ddaba0e8ab1506729113688f85ca2986fd,[.data.table,2,10.138,NA,TRUE,5000103938;100000000,0.631,NA,FALSE
RYZEN,1732966182,1732966431,join,J1_1e7_NA_0_0,10000000,small inner on int,8998860,9,data.table,1.16.99,546259ddaba0e8ab1506729113688f85ca2986fd,[.data.table,1,0.23,NA,TRUE,450015154;347720187,0.025,NA,FALSE
RYZEN,1732966182,1732966439,join,J1_1e7_NA_0_0,10000000,small inner on int,8998860,9,data.table,1.16.99,546259ddaba0e8ab1506729113688f85ca2986fd,[.data.table,2,0.254,NA,TRUE,450015154;347720187,0.024,NA,FALSE
RYZEN,1732966182,1732966447,join,J1_1e7_NA_0_0,10000000,medium inner on int,8998412,11,data.table,1.16.99,546259ddaba0e8ab1506729113688f85ca2986fd,[.data.table,1,0.284,NA,TRUE,449954076;449999845,0.024,NA,FALSE
RYZEN,1732966182,1732966456,join,J1_1e7_NA_0_0,10000000,medium inner on int,8998412,11,data.table,1.16.99,546259ddaba0e8ab1506729113688f85ca2986fd,[.data.table,2,0.28,NA,TRUE,449954076;449999845,0.025,NA,FALSE
RYZEN,1732966182,1732966464,join,J1_1e7_NA_0_0,10000000,medium outer on int,10000000,11,data.table,1.16.99,546259ddaba0e8ab1506729113688f85ca2986fd,[.data.table,1,0.379,NA,TRUE,500043741;449999845,0.028,NA,FALSE
RYZEN,1732966182,1732966472,join,J1_1e7_NA_0_0,10000000,medium outer on int,10000000,11,data.table,1.16.99,546259ddaba0e8ab1506729113688f85ca2986fd,[.data.table,2,0.395,NA,TRUE,500043741;449999845,0.028,NA,FALSE
RYZEN,1732966182,1732966480,join,J1_1e7_NA_0_0,10000000,medium inner on factor,8998412,11,data.table,1.16.99,546259ddaba0e8ab1506729113688f85ca2986fd,[.data.table,1,0.284,NA,TRUE,449954076;449999845,0.024,NA,FALSE
RYZEN,1732966182,1732966489,join,J1_1e7_NA_0_0,10000000,medium inner on factor,8998412,11,data.table,1.16.99,546259ddaba0e8ab1506729113688f85ca2986fd,[.data.table,2,0.284,NA,TRUE,449954076;449999845,0.025,NA,FALSE
RYZEN,1732966182,1732966498,join,J1_1e7_NA_0_0,10000000,big inner on int,9000000,13,data.table,1.16.99,546259ddaba0e8ab1506729113688f85ca2986fd,[.data.table,1,1.536,NA,TRUE,450032092;449860429,0.025,NA,FALSE
RYZEN,1732966182,1732966507,join,J1_1e7_NA_0_0,10000000,big inner on int,9000000,13,data.table,1.16.99,546259ddaba0e8ab1506729113688f85ca2986fd,[.data.table,2,1.567,NA,TRUE,450032092;449860429,0.025,NA,FALSE
RYZEN,1732966182,1732967378,join,J1_1e8_NA_0_0,100000000,small inner on int,89997128,9,data.table,1.16.99,546259ddaba0e8ab1506729113688f85ca2986fd,[.data.table,1,2.896,NA,TRUE,4499430832;4388703871,0.244,NA,FALSE
RYZEN,1732966182,1732967498,join,J1_1e8_NA_0_0,100000000,small inner on int,89997128,9,data.table,1.16.99,546259ddaba0e8ab1506729113688f85ca2986fd,[.data.table,2,3.045,NA,TRUE,4499430832;4388703871,0.243,NA,FALSE
RYZEN,1732966182,1732967615,join,J1_1e8_NA_0_0,100000000,medium inner on int,89995511,11,data.table,1.16.99,546259ddaba0e8ab1506729113688f85ca2986fd,[.data.table,1,3.532,NA,TRUE,4499423746;4507751463,0.243,NA,FALSE
RYZEN,1732966182,1732967733,join,J1_1e8_NA_0_0,100000000,medium inner on int,89995511,11,data.table,1.16.99,546259ddaba0e8ab1506729113688f85ca2986fd,[.data.table,2,3.544,NA,TRUE,4499423746;4507751463,0.242,NA,FALSE
RYZEN,1732966182,1732967852,join,J1_1e8_NA_0_0,100000000,medium outer on int,100000000,11,data.table,1.16.99,546259ddaba0e8ab1506729113688f85ca2986fd,[.data.table,1,4.258,NA,TRUE,4999542478;4507751463,0.275,NA,FALSE
RYZEN,1732966182,1732967970,join,J1_1e8_NA_0_0,100000000,medium outer on int,100000000,11,data.table,1.16.99,546259ddaba0e8ab1506729113688f85ca2986fd,[.data.table,2,4.279,NA,TRUE,4999542478;4507751463,0.274,NA,FALSE
RYZEN,1732966182,1732968088,join,J1_1e8_NA_0_0,100000000,medium inner on factor,89995511,11,data.table,1.16.99,546259ddaba0e8ab1506729113688f85ca2986fd,[.data.table,1,3.616,NA,TRUE,4499423746;4507751463,0.242,NA,FALSE
RYZEN,1732966182,1732968203,join,J1_1e8_NA_0_0,100000000,medium inner on factor,89995511,11,data.table,1.16.99,546259ddaba0e8ab1506729113688f85ca2986fd,[.data.table,2,3.506,NA,TRUE,4499423746;4507751463,0.243,NA,FALSE
RYZEN,1732966182,1732968353.893022,groupby,G1_1e7_1e2_0_0,10000000,sum v1 by id1,100,2,pandas,2.2.3,0691c5cf90477d3503834d983f69350f250a6ff7,.groupby,1,0.133,2.932,TRUE,29998789,0.0,,FALSE
RYZEN,1732966182,1732968354.0125942,groupby,G1_1e7_1e2_0_0,10000000,sum v1 by id1,100,2,pandas,2.2.3,0691c5cf90477d3503834d983f69350f250a6ff7,.groupby,2,0.106,2.932,TRUE,29998789,0.0,,FALSE
RYZEN,1732966182,1732968354.3615706,groupby,G1_1e7_1e2_0_0,10000000,sum v1 by id1:id2,10000,3,pandas,2.2.3,0691c5cf90477d3503834d983f69350f250a6ff7,.groupby,1,0.323,2.941,TRUE,29998789,0.0,,FALSE
RYZEN,1732966182,1732968354.6795785,groupby,G1_1e7_1e2_0_0,10000000,sum v1 by id1:id2,10000,3,pandas,2.2.3,0691c5cf90477d3503834d983f69350f250a6ff7,.groupby,2,0.304,2.941,TRUE,29998789,0.0,,FALSE
RYZEN,1732966182,1732968354.9437194,groupby,G1_1e7_1e2_0_0,10000000,sum v1 mean v3 by id3,100000,3,pandas,2.2.3,0691c5cf90477d3503834d983f69350f250a6ff7,.groupby,1,0.245,2.943,TRUE,29998789;4999719.622,0.0,,FALSE
RYZEN,1732966182,1732968355.2020676,groupby,G1_1e7_1e2_0_0,10000000,sum v1 mean v3 by id3,100000,3,pandas,2.2.3,0691c5cf90477d3503834d983f69350f250a6ff7,.groupby,2,0.244,2.943,TRUE,29998789;4999719.622,0.0,,FALSE
RYZEN,1732966182,1732968355.3756297,groupby,G1_1e7_1e2_0_0,10000000,mean v1:v3 by id4,100,4,pandas,2.2.3,0691c5cf90477d3503834d983f69350f250a6ff7,.groupby,1,0.155,2.924,TRUE,299.988;799.894;4999.767,0.0,,FALSE
RYZEN,1732966182,1732968355.5448377,groupby,G1_1e7_1e2_0_0,10000000,mean v1:v3 by id4,100,4,pandas,2.2.3,0691c5cf90477d3503834d983f69350f250a6ff7,.groupby,2,0.155,2.924,TRUE,299.988;799.894;4999.767,0.0,,FALSE
RYZEN,1732966182,1732968355.8054738,groupby,G1_1e7_1e2_0_0,10000000,sum v1:v3 by id6,100000,4,pandas,2.2.3,0691c5cf90477d3503834d983f69350f250a6ff7,.groupby,1,0.241,2.924,TRUE,29998789;79989360;499976651.408,0.0,,FALSE
RYZEN,1732966182,1732968356.0749698,groupby,G1_1e7_1e2_0_0,10000000,sum v1:v3 by id6,100000,4,pandas,2.2.3,0691c5cf90477d3503834d983f69350f250a6ff7,.groupby,2,0.255,2.924,TRUE,29998789;79989360;499976651.408,0.0,,FALSE
RYZEN,1732966182,1732968356.587322,groupby,G1_1e7_1e2_0_0,10000000,median v3 sd v3 by id4 id5,10000,4,pandas,2.2.3,0691c5cf90477d3503834d983f69350f250a6ff7,.groupby,1,0.487,2.925,TRUE,499920.14;288648.108,0.007,,FALSE
RYZEN,1732966182,1732968357.1079178,groupby,G1_1e7_1e2_0_0,10000000,median v3 sd v3 by id4 id5,10000,4,pandas,2.2.3,0691c5cf90477d3503834d983f69350f250a6ff7,.groupby,2,0.506,2.925,TRUE,499920.14;288648.108,0.001,,FALSE
RYZEN,1732966182,1732968357.35436,groupby,G1_1e7_1e2_0_0,10000000,max v1 - min v2 by id3,100000,2,pandas,2.2.3,0691c5cf90477d3503834d983f69350f250a6ff7,.groupby,1,0.227,2.925,TRUE,399882,0.0,,FALSE
RYZEN,1732966182,1732968357.5869997,groupby,G1_1e7_1e2_0_0,10000000,max v1 - min v2 by id3,100000,2,pandas,2.2.3,0691c5cf90477d3503834d983f69350f250a6ff7,.groupby,2,0.219,2.925,TRUE,399882,0.0,,FALSE
RYZEN,1732966182,1732968359.5996084,groupby,G1_1e7_1e2_0_0,10000000,largest two v3 by id6,200000,2,pandas,2.2.3,0691c5cf90477d3503834d983f69350f250a6ff7,.groupby,1,1.996,2.938,TRUE,19700450.588,0.0,,FALSE
RYZEN,1732966182,1732968361.475608,groupby,G1_1e7_1e2_0_0,10000000,largest two v3 by id6,200000,2,pandas,2.2.3,0691c5cf90477d3503834d983f69350f250a6ff7,.groupby,2,1.863,2.938,TRUE,19700450.588,0.0,,FALSE
RYZEN,1732966182,1732968364.498972,groupby,G1_1e7_1e2_0_0,10000000,regression v1 v2 by id2 id4,10000,3,pandas,2.2.3,0691c5cf90477d3503834d983f69350f250a6ff7,.groupby,1,3.008,2.929,TRUE,9.839,0.0,,FALSE
RYZEN,1732966182,1732968367.493363,groupby,G1_1e7_1e2_0_0,10000000,regression v1 v2 by id2 id4,10000,3,pandas,2.2.3,0691c5cf90477d3503834d983f69350f250a6ff7,.groupby,2,2.981,2.929,TRUE,9.839,0.0,,FALSE
RYZEN,1732966182,1732968370.2965312,groupby,G1_1e7_1e2_0_0,10000000,sum v3 count by id1:id6,10000000,8,pandas,2.2.3,0691c5cf90477d3503834d983f69350f250a6ff7,.groupby,1,2.774,3.423,TRUE,499976651.408;10000000,0.012,,FALSE
RYZEN,1732966182,1732968373.621557,groupby,G1_1e7_1e2_0_0,10000000,sum v3 count by id1:id6,10000000,8,pandas,2.2.3,0691c5cf90477d3503834d983f69350f250a6ff7,.groupby,2,3.299,3.423,TRUE,499976651.408;10000000,0.012,,FALSE
RYZEN,1732966182,1732968453.9200685,groupby,G1_1e8_1e2_0_0,100000000,sum v1 by id1,100,2,pandas,2.2.3,0691c5cf90477d3503834d983f69350f250a6ff7,.groupby,1,1.039,27.51,TRUE,299991302,0.0,,FALSE
RYZEN,1732966182,1732968454.9648066,groupby,G1_1e8_1e2_0_0,100000000,sum v1 by id1,100,2,pandas,2.2.3,0691c5cf90477d3503834d983f69350f250a6ff7,.groupby,2,1.032,27.51,TRUE,299991302,0.0,,FALSE
RYZEN,1732966182,1732968458.2087426,groupby,G1_1e8_1e2_0_0,100000000,sum v1 by id1:id2,10000,3,pandas,2.2.3,0691c5cf90477d3503834d983f69350f250a6ff7,.groupby,1,3.218,27.51,TRUE,299991302,0.0,,FALSE
RYZEN,1732966182,1732968461.4098291,groupby,G1_1e8_1e2_0_0,100000000,sum v1 by id1:id2,10000,3,pandas,2.2.3,0691c5cf90477d3503834d983f69350f250a6ff7,.groupby,2,3.187,27.51,TRUE,299991302,0.0,,FALSE
RYZEN,1732966182,1732968468.7085195,groupby,G1_1e8_1e2_0_0,100000000,sum v1 mean v3 by id3,1000000,3,pandas,2.2.3,0691c5cf90477d3503834d983f69350f250a6ff7,.groupby,1,7.279,27.619,TRUE,299991302;50001192.355,0.002,,FALSE
RYZEN,1732966182,1732968475.2893863,groupby,G1_1e8_1e2_0_0,100000000,sum v1 mean v3 by id3,1000000,3,pandas,2.2.3,0691c5cf90477d3503834d983f69350f250a6ff7,.groupby,2,6.564,27.616,TRUE,299991302;50001192.355,0.002,,FALSE
RYZEN,1732966182,1732968476.7916338,groupby,G1_1e8_1e2_0_0,100000000,mean v1:v3 by id4,100,4,pandas,2.2.3,0691c5cf90477d3503834d983f69350f250a6ff7,.groupby,1,1.483,27.512,TRUE,299.991;799.978;5000.104,0.0,,FALSE
RYZEN,1732966182,1732968478.2816575,groupby,G1_1e8_1e2_0_0,100000000,mean v1:v3 by id4,100,4,pandas,2.2.3,0691c5cf90477d3503834d983f69350f250a6ff7,.groupby,2,1.477,27.512,TRUE,299.991;799.978;5000.104,0.0,,FALSE
RYZEN,1732966182,1732968485.7037623,groupby,G1_1e8_1e2_0_0,100000000,sum v1:v3 by id6,1000000,4,pandas,2.2.3,0691c5cf90477d3503834d983f69350f250a6ff7,.groupby,1,7.402,27.581,TRUE,299991302;799978221;5000103937.772,0.002,,FALSE
RYZEN,1732966182,1732968493.4112034,groupby,G1_1e8_1e2_0_0,100000000,sum v1:v3 by id6,1000000,4,pandas,2.2.3,0691c5cf90477d3503834d983f69350f250a6ff7,.groupby,2,7.693,27.581,TRUE,299991302;799978221;5000103937.772,0.002,,FALSE
RYZEN,1732966182,1732968498.312532,groupby,G1_1e8_1e2_0_0,100000000,median v3 sd v3 by id4 id5,10000,4,pandas,2.2.3,0691c5cf90477d3503834d983f69350f250a6ff7,.groupby,1,4.881,27.513,TRUE,500019.998;288668.357,0.003,,FALSE
RYZEN,1732966182,1732968503.0347068,groupby,G1_1e8_1e2_0_0,100000000,median v3 sd v3 by id4 id5,10000,4,pandas,2.2.3,0691c5cf90477d3503834d983f69350f250a6ff7,.groupby,2,4.706,27.513,TRUE,500019.998;288668.357,0.001,,FALSE
RYZEN,1732966182,1732968507.85383,groupby,G1_1e8_1e2_0_0,100000000,max v1 - min v2 by id3,1000000,2,pandas,2.2.3,0691c5cf90477d3503834d983f69350f250a6ff7,.groupby,1,4.802,27.546,TRUE,3998729,0.0,,FALSE
RYZEN,1732966182,1732968511.5395873,groupby,G1_1e8_1e2_0_0,100000000,max v1 - min v2 by id3,1000000,2,pandas,2.2.3,0691c5cf90477d3503834d983f69350f250a6ff7,.groupby,2,3.672,27.546,TRUE,3998729,0.0,,FALSE
RYZEN,1732966182,1732968539.0443845,groupby,G1_1e8_1e2_0_0,100000000,largest two v3 by id6,2000000,2,pandas,2.2.3,0691c5cf90477d3503834d983f69350f250a6ff7,.groupby,1,27.488,27.596,TRUE,196996660.391,0.002,,FALSE
RYZEN,1732966182,1732968566.2823687,groupby,G1_1e8_1e2_0_0,100000000,largest two v3 by id6,2000000,2,pandas,2.2.3,0691c5cf90477d3503834d983f69350f250a6ff7,.groupby,2,27.223,27.596,TRUE,196996660.391,0.002,,FALSE
RYZEN,1732966182,1732968578.3682132,groupby,G1_1e8_1e2_0_0,100000000,regression v1 v2 by id2 id4,10000,3,pandas,2.2.3,0691c5cf90477d3503834d983f69350f250a6ff7,.groupby,1,12.069,27.516,TRUE,1.007,0.0,,FALSE
RYZEN,1732966182,1732968590.4389584,groupby,G1_1e8_1e2_0_0,100000000,regression v1 v2 by id2 id4,10000,3,pandas,2.2.3,0691c5cf90477d3503834d983f69350f250a6ff7,.groupby,2,12.059,27.516,TRUE,1.007,0.0,,FALSE
RYZEN,1732966182,1732968658.9816782,groupby,G1_1e8_1e2_0_0,100000000,sum v3 count by id1:id6,100000000,8,pandas,2.2.3,0691c5cf90477d3503834d983f69350f250a6ff7,.groupby,1,68.383,31.801,TRUE,5000103937.772;100000000,0.142,,FALSE
RYZEN,1732966182,1732968728.3081112,groupby,G1_1e8_1e2_0_0,100000000,sum v3 count by id1:id6,100000000,8,pandas,2.2.3,0691c5cf90477d3503834d983f69350f250a6ff7,.groupby,2,69.182,31.803,TRUE,5000103937.772;100000000,0.122,,FALSE
RYZEN,1732966182,1732968777.9367764,join,J1_1e7_NA_0_0,10000000,small inner on int,8998860,9,pandas,2.2.3,0691c5cf90477d3503834d983f69350f250a6ff7,.merge,1,0.866,5.049,TRUE,450015153.577;347720187.395,0.015,,FALSE
RYZEN,1732966182,1732968778.5596275,join,J1_1e7_NA_0_0,10000000,small inner on int,8998860,9,pandas,2.2.3,0691c5cf90477d3503834d983f69350f250a6ff7,.merge,2,0.6,5.049,TRUE,450015153.577;347720187.395,0.008,,FALSE
RYZEN,1732966182,1732968779.4810622,join,J1_1e7_NA_0_0,10000000,medium inner on int,8998412,11,pandas,2.2.3,0691c5cf90477d3503834d983f69350f250a6ff7,.merge,1,0.876,5.151,TRUE,449954076.026;449999844.937,0.007,,FALSE
RYZEN,1732966182,1732968780.3802507,join,J1_1e7_NA_0_0,10000000,medium inner on int,8998412,11,pandas,2.2.3,0691c5cf90477d3503834d983f69350f250a6ff7,.merge,2,0.875,5.151,TRUE,449954076.026;449999844.937,0.007,,FALSE
RYZEN,1732966182,1732968781.1048982,join,J1_1e7_NA_0_0,10000000,medium outer on int,10000000,11,pandas,2.2.3,0691c5cf90477d3503834d983f69350f250a6ff7,.merge,1,0.674,4.889,TRUE,500043740.752;449999844.937,0.023,,FALSE
RYZEN,1732966182,1732968781.8341944,join,J1_1e7_NA_0_0,10000000,medium outer on int,10000000,11,pandas,2.2.3,0691c5cf90477d3503834d983f69350f250a6ff7,.merge,2,0.669,4.889,TRUE,500043740.752;449999844.937,0.035,,FALSE
RYZEN,1732966182,1732968784.2496645,join,J1_1e7_NA_0_0,10000000,medium inner on factor,8998412,11,pandas,2.2.3,0691c5cf90477d3503834d983f69350f250a6ff7,.merge,1,2.382,5.272,TRUE,449954076.026;449999844.937,0.008,,FALSE
RYZEN,1732966182,1732968786.604747,join,J1_1e7_NA_0_0,10000000,medium inner on factor,8998412,11,pandas,2.2.3,0691c5cf90477d3503834d983f69350f250a6ff7,.merge,2,2.332,5.272,TRUE,449954076.026;449999844.937,0.008,,FALSE
RYZEN,1732966182,1732968789.3063428,join,J1_1e7_NA_0_0,10000000,big inner on int,9000000,13,pandas,2.2.3,0691c5cf90477d3503834d983f69350f250a6ff7,.merge,1,2.667,5.317,TRUE,450032091.841;449860428.616,0.008,,FALSE
RYZEN,1732966182,1732968792.0268795,join,J1_1e7_NA_0_0,10000000,big inner on int,9000000,13,pandas,2.2.3,0691c5cf90477d3503834d983f69350f250a6ff7,.merge,2,2.697,5.317,TRUE,450032091.841;449860428.616,0.007,,FALSE
RYZEN,1732966182,1732969197.3301857,join,J1_1e8_NA_0_0,100000000,small inner on int,89997128,9,pandas,2.2.3,0691c5cf90477d3503834d983f69350f250a6ff7,.merge,1,8.154,49.064,TRUE,4499430832.39;4388703871.229,0.081,,FALSE
RYZEN,1732966182,1732969204.91867,join,J1_1e8_NA_0_0,100000000,small inner on int,89997128,9,pandas,2.2.3,0691c5cf90477d3503834d983f69350f250a6ff7,.merge,2,7.49,49.052,TRUE,4499430832.39;4388703871.229,0.078,,FALSE
RYZEN,1732966182,1732969215.3370311,join,J1_1e8_NA_0_0,100000000,medium inner on int,89995511,11,pandas,2.2.3,0691c5cf90477d3503834d983f69350f250a6ff7,.merge,1,10.294,50.06,TRUE,4499423746.365;4507751463.252,0.075,,FALSE
RYZEN,1732966182,1732969238.4700515,join,J1_1e8_NA_0_0,100000000,medium inner on int,89995511,11,pandas,2.2.3,0691c5cf90477d3503834d983f69350f250a6ff7,.merge,2,23.033,50.06,TRUE,4499423746.365;4507751463.252,0.078,,FALSE
RYZEN,1732966182,1732969245.904568,join,J1_1e8_NA_0_0,100000000,medium outer on int,100000000,11,pandas,2.2.3,0691c5cf90477d3503834d983f69350f250a6ff7,.merge,1,7.19,47.657,TRUE,4999542477.919;4507751463.252,0.206,,FALSE
RYZEN,1732966182,1732969253.400045,join,J1_1e8_NA_0_0,100000000,medium outer on int,100000000,11,pandas,2.2.3,0691c5cf90477d3503834d983f69350f250a6ff7,.merge,2,7.271,47.657,TRUE,4999542477.919;4507751463.252,0.202,,FALSE
RYZEN,1732966182,1732969341.5497274,join,J1_1e8_NA_0_0,100000000,medium inner on factor,89995511,11,pandas,2.2.3,0691c5cf90477d3503834d983f69350f250a6ff7,.merge,1,88.032,50.993,TRUE,4499423746.365;4507751463.252,0.083,,FALSE
RYZEN,1732966182,1732969376.550642,join,J1_1e8_NA_0_0,100000000,medium inner on factor,89995511,11,pandas,2.2.3,0691c5cf90477d3503834d983f69350f250a6ff7,.merge,2,34.904,50.993,TRUE,4499423746.365;4507751463.252,0.073,,FALSE
RYZEN,1732966182,1732969421.6998563,join,J1_1e8_NA_0_0,100000000,big inner on int,90000000,13,pandas,2.2.3,0691c5cf90477d3503834d983f69350f250a6ff7,.merge,1,45.038,51.075,TRUE,4499590098.078;4499913694.243,0.074,,FALSE
RYZEN,1732966182,1732969507.0959797,join,J1_1e8_NA_0_0,100000000,big inner on int,90000000,13,pandas,2.2.3,0691c5cf90477d3503834d983f69350f250a6ff7,.merge,2,85.299,51.075,TRUE,4499590098.078;4499913694.243,0.071,,FALSE
RYZEN,1732966182,1732969541.5383809,groupby,G1_1e7_1e2_0_0,10000000,sum v1 by id1,100,2,polars,1.14.0,,.groupby,1,0.377,1.037,TRUE,29998789,0.028,,FALSE
RYZEN,1732966182,1732969541.5703266,groupby,G1_1e7_1e2_0_0,10000000,sum v1 by id1,100,2,polars,1.14.0,,.groupby,2,0.025,1.048,TRUE,29998789,0.0,,FALSE
RYZEN,1732966182,1732969541.986084,groupby,G1_1e7_1e2_0_0,10000000,sum v1 by id1:id2,10000,3,polars,1.14.0,,.groupby,1,0.391,1.278,TRUE,29998789,0.0,,FALSE
RYZEN,1732966182,1732969542.200323,groupby,G1_1e7_1e2_0_0,10000000,sum v1 by id1:id2,10000,3,polars,1.14.0,,.groupby,2,0.206,1.285,TRUE,29998789,0.0,,FALSE
RYZEN,1732966182,1732969544.9157903,groupby,G1_1e7_1e2_0_0,10000000,sum v1 mean v3 by id3,100000,3,polars,1.14.0,,.groupby,1,1.177,1.399,TRUE,29998789.0;4999719.622,1.531,,FALSE
RYZEN,1732966182,1732969545.018357,groupby,G1_1e7_1e2_0_0,10000000,sum v1 mean v3 by id3,100000,3,polars,1.14.0,,.groupby,2,0.093,1.438,TRUE,29998789.0;4999719.622,0.001,,FALSE
RYZEN,1732966182,1732969545.8724606,groupby,G1_1e7_1e2_0_0,10000000,mean v1:v3 by id4,100,4,polars,1.14.0,,.groupby,1,0.829,1.501,TRUE,299.988;799.894;4999.767,0.005,,FALSE
RYZEN,1732966182,1732969545.9635262,groupby,G1_1e7_1e2_0_0,10000000,mean v1:v3 by id4,100,4,polars,1.14.0,,.groupby,2,0.084,1.505,TRUE,299.988;799.894;4999.767,0.0,,FALSE
RYZEN,1732966182,1732969546.7139404,groupby,G1_1e7_1e2_0_0,10000000,sum v1:v3 by id6,100000,4,polars,1.14.0,,.groupby,1,0.743,1.551,TRUE,29998789.0;79989360.0;499976651.408,0.001,,FALSE
RYZEN,1732966182,1732969546.8418756,groupby,G1_1e7_1e2_0_0,10000000,sum v1:v3 by id6,100000,4,polars,1.14.0,,.groupby,2,0.12,1.551,TRUE,29998789.0;79989360.0;499976651.408,0.001,,FALSE
RYZEN,1732966182,1732969547.2399743,groupby,G1_1e7_1e2_0_0,10000000,median v3 sd v3 by id4 id5,10000,4,polars,1.14.0,,.groupby,1,0.384,1.626,TRUE,499920.14;288648.108,0.006,,FALSE
RYZEN,1732966182,1732969547.4329834,groupby,G1_1e7_1e2_0_0,10000000,median v3 sd v3 by id4 id5,10000,4,polars,1.14.0,,.groupby,2,0.183,1.627,TRUE,499920.14;288648.108,0.0,,FALSE
RYZEN,1732966182,1732969547.5313838,groupby,G1_1e7_1e2_0_0,10000000,max v1 - min v2 by id3,100000,2,polars,1.14.0,,.groupby,1,0.088,1.627,TRUE,399882,0.0,,FALSE
RYZEN,1732966182,1732969547.61714,groupby,G1_1e7_1e2_0_0,10000000,max v1 - min v2 by id3,100000,2,polars,1.14.0,,.groupby,2,0.078,1.627,TRUE,399882,0.0,,FALSE
RYZEN,1732966182,1732969547.9842718,groupby,G1_1e7_1e2_0_0,10000000,largest two v3 by id6,200000,2,polars,1.14.0,,.groupby,1,0.358,1.628,TRUE,19700450.588,0.0,,FALSE
RYZEN,1732966182,1732969548.3288944,groupby,G1_1e7_1e2_0_0,10000000,largest two v3 by id6,200000,2,polars,1.14.0,,.groupby,2,0.338,1.628,TRUE,19700450.588,0.0,,FALSE
RYZEN,1732966182,1732969548.6770673,groupby,G1_1e7_1e2_0_0,10000000,regression v1 v2 by id2 id4,10000,3,polars,1.14.0,,.groupby,1,0.34,1.636,TRUE,9.839,0.0,,FALSE
RYZEN,1732966182,1732969549.016608,groupby,G1_1e7_1e2_0_0,10000000,regression v1 v2 by id2 id4,10000,3,polars,1.14.0,,.groupby,2,0.331,1.637,TRUE,9.839,0.0,,FALSE
RYZEN,1732966182,1732969550.2137656,groupby,G1_1e7_1e2_0_0,10000000,sum v3 count by id1:id6,10000000,8,polars,1.14.0,,.groupby,1,1.162,2.273,TRUE,499976651.408;10000000.0,0.027,,FALSE
RYZEN,1732966182,1732969551.3160863,groupby,G1_1e7_1e2_0_0,10000000,sum v3 count by id1:id6,10000000,8,polars,1.14.0,,.groupby,2,1.066,2.305,TRUE,499976651.408;10000000.0,0.028,,FALSE
RYZEN,1732966182,1732969717.91866,groupby,G1_1e8_1e2_0_0,100000000,sum v1 by id1,100,2,polars,1.14.0,,.groupby,1,3.439,8.55,TRUE,299991302,0.011,,FALSE
RYZEN,1732966182,1732969718.3001945,groupby,G1_1e8_1e2_0_0,100000000,sum v1 by id1,100,2,polars,1.14.0,,.groupby,2,0.374,8.572,TRUE,299991302,0.0,,FALSE
RYZEN,1732966182,1732969722.8113208,groupby,G1_1e8_1e2_0_0,100000000,sum v1 by id1:id2,10000,3,polars,1.14.0,,.groupby,1,4.498,9.256,TRUE,299991302,0.0,,FALSE
RYZEN,1732966182,1732969725.5454257,groupby,G1_1e8_1e2_0_0,100000000,sum v1 by id1:id2,10000,3,polars,1.14.0,,.groupby,2,2.728,9.277,TRUE,299991302,0.0,,FALSE
RYZEN,1732966182,1732969735.2279594,groupby,G1_1e8_1e2_0_0,100000000,sum v1 mean v3 by id3,1000000,3,polars,1.14.0,,.groupby,1,9.106,10.416,TRUE,299991302.0;50001192.355,0.569,,FALSE
RYZEN,1732966182,1732969737.7844157,groupby,G1_1e8_1e2_0_0,100000000,sum v1 mean v3 by id3,1000000,3,polars,1.14.0,,.groupby,2,2.543,10.45,TRUE,299991302.0;50001192.355,0.004,,FALSE
RYZEN,1732966182,1732969746.4706683,groupby,G1_1e8_1e2_0_0,100000000,mean v1:v3 by id4,100,4,polars,1.14.0,,.groupby,1,8.644,11.18,TRUE,299.991;799.978;5000.104,0.002,,FALSE
RYZEN,1732966182,1732969747.5699868,groupby,G1_1e8_1e2_0_0,100000000,mean v1:v3 by id4,100,4,polars,1.14.0,,.groupby,2,1.092,11.18,TRUE,299.991;799.978;5000.104,0.0,,FALSE
RYZEN,1732966182,1732969755.2398405,groupby,G1_1e8_1e2_0_0,100000000,sum v1:v3 by id6,1000000,4,polars,1.14.0,,.groupby,1,7.66,11.578,TRUE,299991302.0;799978221.0;5000103937.772,0.003,,FALSE
RYZEN,1732966182,1732969757.4816577,groupby,G1_1e8_1e2_0_0,100000000,sum v1:v3 by id6,1000000,4,polars,1.14.0,,.groupby,2,2.232,11.578,TRUE,299991302.0;799978221.0;5000103937.772,0.003,,FALSE
RYZEN,1732966182,1732969761.1087747,groupby,G1_1e8_1e2_0_0,100000000,median v3 sd v3 by id4 id5,10000,4,polars,1.14.0,,.groupby,1,3.618,11.952,TRUE,500019.998;288668.357,0.002,,FALSE
RYZEN,1732966182,1732969763.241059,groupby,G1_1e8_1e2_0_0,100000000,median v3 sd v3 by id4 id5,10000,4,polars,1.14.0,,.groupby,2,2.124,11.956,TRUE,500019.998;288668.357,0.0,,FALSE
RYZEN,1732966182,1732969765.2678947,groupby,G1_1e8_1e2_0_0,100000000,max v1 - min v2 by id3,1000000,2,polars,1.14.0,,.groupby,1,2.018,11.971,TRUE,3998729,0.001,,FALSE
RYZEN,1732966182,1732969767.4936485,groupby,G1_1e8_1e2_0_0,100000000,max v1 - min v2 by id3,1000000,2,polars,1.14.0,,.groupby,2,2.215,11.98,TRUE,3998729,0.003,,FALSE
RYZEN,1732966182,1732969771.8217268,groupby,G1_1e8_1e2_0_0,100000000,largest two v3 by id6,2000000,2,polars,1.14.0,,.groupby,1,4.315,11.997,TRUE,196996660.391,0.001,,FALSE
RYZEN,1732966182,1732969776.1428354,groupby,G1_1e8_1e2_0_0,100000000,largest two v3 by id6,2000000,2,polars,1.14.0,,.groupby,2,4.313,11.997,TRUE,196996660.391,0.001,,FALSE
RYZEN,1732966182,1732969780.111436,groupby,G1_1e8_1e2_0_0,100000000,regression v1 v2 by id2 id4,10000,3,polars,1.14.0,,.groupby,1,3.961,11.978,TRUE,1.007,0.0,,FALSE
RYZEN,1732966182,1732969783.7366352,groupby,G1_1e8_1e2_0_0,100000000,regression v1 v2 by id2 id4,10000,3,polars,1.14.0,,.groupby,2,3.618,11.986,TRUE,1.007,0.0,,FALSE
RYZEN,1732966182,1732969795.4192646,groupby,G1_1e8_1e2_0_0,100000000,sum v3 count by id1:id6,100000000,8,polars,1.14.0,,.groupby,1,11.406,17.258,TRUE,5000103937.772;100000000.0,0.268,,FALSE
RYZEN,1732966182,1732969807.6669931,groupby,G1_1e8_1e2_0_0,100000000,sum v3 count by id1:id6,100000000,8,polars,1.14.0,,.groupby,2,11.967,17.418,TRUE,5000103937.772;100000000.0,0.264,,FALSE
RYZEN,1732966182,1732969871.7154448,join,J1_1e7_NA_0_0,10000000,small inner on int,8998860,9,polars,1.14.0,,.join,1,1.213,2.403,TRUE,450015168.0;347720192.0,0.011,,FALSE
RYZEN,1732966182,1732969871.8212218,join,J1_1e7_NA_0_0,10000000,small inner on int,8998860,9,polars,1.14.0,,.join,2,0.089,2.407,TRUE,450015168.0;347720192.0,0.009,,FALSE
RYZEN,1732966182,1732969872.000716,join,J1_1e7_NA_0_0,10000000,medium inner on int,8998412,11,polars,1.14.0,,.join,1,0.107,2.509,TRUE,449954112.0;449999840.0,0.004,,FALSE
RYZEN,1732966182,1732969872.0974743,join,J1_1e7_NA_0_0,10000000,medium inner on int,8998412,11,polars,1.14.0,,.join,2,0.086,2.51,TRUE,449954112.0;449999840.0,0.003,,FALSE
RYZEN,1732966182,1732969872.173587,join,J1_1e7_NA_0_0,10000000,medium outer on int,10000000,11,polars,1.14.0,,.join,1,0.064,2.306,TRUE,500043712.0;449999840.0,0.005,,FALSE
RYZEN,1732966182,1732969872.2382922,join,J1_1e7_NA_0_0,10000000,medium outer on int,10000000,11,polars,1.14.0,,.join,2,0.054,2.306,TRUE,500043712.0;449999840.0,0.005,,FALSE
RYZEN,1732966182,1732969872.3382277,join,J1_1e7_NA_0_0,10000000,medium inner on factor,8998412,11,polars,1.14.0,,.join,1,0.089,2.571,TRUE,449954112.0;449999840.0,0.004,,FALSE
RYZEN,1732966182,1732969872.4369633,join,J1_1e7_NA_0_0,10000000,medium inner on factor,8998412,11,polars,1.14.0,,.join,2,0.088,2.571,TRUE,449954112.0;449999840.0,0.004,,FALSE
RYZEN,1732966182,1732969873.7300575,join,J1_1e7_NA_0_0,10000000,big inner on int,9000000,13,polars,1.14.0,,.join,1,1.283,2.794,TRUE,450032096.0;449860448.0,0.003,,FALSE
RYZEN,1732966182,1732969874.2322142,join,J1_1e7_NA_0_0,10000000,big inner on int,9000000,13,polars,1.14.0,,.join,2,0.49,2.799,TRUE,450032096.0;449860448.0,0.003,,FALSE
RYZEN,1732966182,1732970386.1307867,join,J1_1e8_NA_0_0,100000000,small inner on int,89997128,9,polars,1.14.0,,.join,1,10.148,20.556,TRUE,4499430400.0;4388704256.0,0.031,,FALSE
RYZEN,1732966182,1732970386.953753,join,J1_1e8_NA_0_0,100000000,small inner on int,89997128,9,polars,1.14.0,,.join,2,0.784,20.556,TRUE,4499430400.0;4388704256.0,0.028,,FALSE
RYZEN,1732966182,1732970387.961261,join,J1_1e8_NA_0_0,100000000,medium inner on int,89995511,11,polars,1.14.0,,.join,1,0.956,21.404,TRUE,4499423744.0;4507751424.0,0.028,,FALSE
RYZEN,1732966182,1732970388.9773018,join,J1_1e8_NA_0_0,100000000,medium inner on int,89995511,11,polars,1.14.0,,.join,2,0.972,21.232,TRUE,4499423744.0;4507751424.0,0.031,,FALSE
RYZEN,1732966182,1732970389.650326,join,J1_1e8_NA_0_0,100000000,medium outer on int,100000000,11,polars,1.14.0,,.join,1,0.619,19.066,TRUE,4999542784.0;4507751424.0,0.04,,FALSE
RYZEN,1732966182,1732970390.3939574,join,J1_1e8_NA_0_0,100000000,medium outer on int,100000000,11,polars,1.14.0,,.join,2,0.693,19.066,TRUE,4999542784.0;4507751424.0,0.041,,FALSE
RYZEN,1732966182,1732970391.4766467,join,J1_1e8_NA_0_0,100000000,medium inner on factor,89995511,11,polars,1.14.0,,.join,1,1.043,21.229,TRUE,4499423744.0;4507751424.0,0.03,,FALSE
RYZEN,1732966182,1732970392.5000422,join,J1_1e8_NA_0_0,100000000,medium inner on factor,89995511,11,polars,1.14.0,,.join,2,0.98,21.358,TRUE,4499423744.0;4507751424.0,0.03,,FALSE
RYZEN,1732966182,1732970406.684056,join,J1_1e8_NA_0_0,100000000,big inner on int,90000000,13,polars,1.14.0,,.join,1,14.143,23.437,TRUE,4499590144.0;4499913728.0,0.028,,FALSE
RYZEN,1732966182,1732970413.1315403,join,J1_1e8_NA_0_0,100000000,big inner on int,90000000,13,polars,1.14.0,,.join,2,6.403,23.438,TRUE,4499590144.0;4499913728.0,0.029,,FALSE
RYZEN,1732966182,1732970432,groupby,G1_1e7_1e2_0_0,10000000,sum v1 by id1,100,2,duckdb,1.1.0,fa5c2fe15f,group_by,1,0.012,NA,TRUE,29998789,0.001,NA,FALSE
RYZEN,1732966182,1732970432,groupby,G1_1e7_1e2_0_0,10000000,sum v1 by id1,100,2,duckdb,1.1.0,fa5c2fe15f,group_by,2,0.007,NA,TRUE,29998789,0.001,NA,FALSE
RYZEN,1732966182,1732970433,groupby,G1_1e7_1e2_0_0,10000000,sum v1 by id1:id2,10000,3,duckdb,1.1.0,fa5c2fe15f,group_by,1,0.036,NA,TRUE,29998789,0.001,NA,FALSE
RYZEN,1732966182,1732970433,groupby,G1_1e7_1e2_0_0,10000000,sum v1 by id1:id2,10000,3,duckdb,1.1.0,fa5c2fe15f,group_by,2,0.031,NA,TRUE,29998789,0.002,NA,FALSE
RYZEN,1732966182,1732970433,groupby,G1_1e7_1e2_0_0,10000000,sum v1 mean v3 by id3,100000,3,duckdb,1.1.0,fa5c2fe15f,group_by,1,0.166,NA,TRUE,29998789;4999720,0.003,NA,FALSE
RYZEN,1732966182,1732970433,groupby,G1_1e7_1e2_0_0,10000000,sum v1 mean v3 by id3,100000,3,duckdb,1.1.0,fa5c2fe15f,group_by,2,0.162,NA,TRUE,29998789;4999720,0.002,NA,FALSE
RYZEN,1732966182,1732970433,groupby,G1_1e7_1e2_0_0,10000000,mean v1:v3 by id4,100,4,duckdb,1.1.0,fa5c2fe15f,group_by,1,0.015,NA,TRUE,299.988;799.8942;4999.767,0.001,NA,FALSE
RYZEN,1732966182,1732970433,groupby,G1_1e7_1e2_0_0,10000000,mean v1:v3 by id4,100,4,duckdb,1.1.0,fa5c2fe15f,group_by,2,0.014,NA,TRUE,299.988;799.8942;4999.767,0.003,NA,FALSE
RYZEN,1732966182,1732970434,groupby,G1_1e7_1e2_0_0,10000000,sum v1:v3 by id6,100000,4,duckdb,1.1.0,fa5c2fe15f,group_by,1,0.172,NA,TRUE,29998789;79989360;499976651,0.003,NA,FALSE
RYZEN,1732966182,1732970434,groupby,G1_1e7_1e2_0_0,10000000,sum v1:v3 by id6,100000,4,duckdb,1.1.0,fa5c2fe15f,group_by,2,0.148,NA,TRUE,29998789;79989360;499976651,0.003,NA,FALSE
RYZEN,1732966182,1732970434,groupby,G1_1e7_1e2_0_0,10000000,median v3 sd v3 by id4 id5,10000,4,duckdb,1.1.0,fa5c2fe15f,group_by,1,0.125,NA,TRUE,499920.1;288648.1,0.001,NA,FALSE
RYZEN,1732966182,1732970434,groupby,G1_1e7_1e2_0_0,10000000,median v3 sd v3 by id4 id5,10000,4,duckdb,1.1.0,fa5c2fe15f,group_by,2,0.121,NA,TRUE,499920.1;288648.1,0.001,NA,FALSE
RYZEN,1732966182,1732970434,groupby,G1_1e7_1e2_0_0,10000000,max v1 - min v2 by id3,100000,2,duckdb,1.1.0,fa5c2fe15f,group_by,1,0.139,NA,TRUE,399882,0.003,NA,FALSE
RYZEN,1732966182,1732970435,groupby,G1_1e7_1e2_0_0,10000000,max v1 - min v2 by id3,100000,2,duckdb,1.1.0,fa5c2fe15f,group_by,2,0.178,NA,TRUE,399882,0.001,NA,FALSE
RYZEN,1732966182,1732970435,groupby,G1_1e7_1e2_0_0,10000000,largest two v3 by id6,200000,2,duckdb,1.1.0,fa5c2fe15f,group_by,1,0.322,NA,TRUE,19700451,0.001,NA,FALSE
RYZEN,1732966182,1732970436,groupby,G1_1e7_1e2_0_0,10000000,largest two v3 by id6,200000,2,duckdb,1.1.0,fa5c2fe15f,group_by,2,0.319,NA,TRUE,19700451,0.002,NA,FALSE
RYZEN,1732966182,1732970436,groupby,G1_1e7_1e2_0_0,10000000,regression v1 v2 by id2 id4,10000,3,duckdb,1.1.0,fa5c2fe15f,group_by,1,0.051,NA,TRUE,9.838641,0.001,NA,FALSE
RYZEN,1732966182,1732970436,groupby,G1_1e7_1e2_0_0,10000000,regression v1 v2 by id2 id4,10000,3,duckdb,1.1.0,fa5c2fe15f,group_by,2,0.048,NA,TRUE,9.838641,0.001,NA,FALSE
RYZEN,1732966182,1732970436,groupby,G1_1e7_1e2_0_0,10000000,sum v3 count by id1:id6,10000000,8,duckdb,1.1.0,fa5c2fe15f,group_by,1,0.437,NA,TRUE,499976651;10000000,0.013,NA,FALSE
RYZEN,1732966182,1732970437,groupby,G1_1e7_1e2_0_0,10000000,sum v3 count by id1:id6,10000000,8,duckdb,1.1.0,fa5c2fe15f,group_by,2,0.487,NA,TRUE,499976651;10000000,0.013,NA,FALSE
RYZEN,1732966182,1732970473,groupby,G1_1e8_1e2_0_0,100000000,sum v1 by id1,100,2,duckdb,1.1.0,fa5c2fe15f,group_by,1,0.044,NA,TRUE,299991302,0.001,NA,FALSE
RYZEN,1732966182,1732970473,groupby,G1_1e8_1e2_0_0,100000000,sum v1 by id1,100,2,duckdb,1.1.0,fa5c2fe15f,group_by,2,0.039,NA,TRUE,299991302,0.001,NA,FALSE
RYZEN,1732966182,1732970473,groupby,G1_1e8_1e2_0_0,100000000,sum v1 by id1:id2,10000,3,duckdb,1.1.0,fa5c2fe15f,group_by,1,0.188,NA,TRUE,299991302,0.002,NA,FALSE
RYZEN,1732966182,1732970473,groupby,G1_1e8_1e2_0_0,100000000,sum v1 by id1:id2,10000,3,duckdb,1.1.0,fa5c2fe15f,group_by,2,0.165,NA,TRUE,299991302,0.001,NA,FALSE
RYZEN,1732966182,1732970476,groupby,G1_1e8_1e2_0_0,100000000,sum v1 mean v3 by id3,1000000,3,duckdb,1.1.0,fa5c2fe15f,group_by,1,2.66,NA,TRUE,299991302;50001192,0.003,NA,FALSE
RYZEN,1732966182,1732970479,groupby,G1_1e8_1e2_0_0,100000000,sum v1 mean v3 by id3,1000000,3,duckdb,1.1.0,fa5c2fe15f,group_by,2,2.621,NA,TRUE,299991302;50001192,0.003,NA,FALSE
RYZEN,1732966182,1732970479,groupby,G1_1e8_1e2_0_0,100000000,mean v1:v3 by id4,100,4,duckdb,1.1.0,fa5c2fe15f,group_by,1,0.088,NA,TRUE,299.9913;799.9782;5000.104,0.001,NA,FALSE
RYZEN,1732966182,1732970479,groupby,G1_1e8_1e2_0_0,100000000,mean v1:v3 by id4,100,4,duckdb,1.1.0,fa5c2fe15f,group_by,2,0.087,NA,TRUE,299.9913;799.9782;5000.104,0.001,NA,FALSE
RYZEN,1732966182,1732970482,groupby,G1_1e8_1e2_0_0,100000000,sum v1:v3 by id6,1000000,4,duckdb,1.1.0,fa5c2fe15f,group_by,1,2.583,NA,TRUE,299991302;799978221;5000103938,0.004,NA,FALSE
RYZEN,1732966182,1732970484,groupby,G1_1e8_1e2_0_0,100000000,sum v1:v3 by id6,1000000,4,duckdb,1.1.0,fa5c2fe15f,group_by,2,2.586,NA,TRUE,299991302;799978221;5000103938,0.004,NA,FALSE
RYZEN,1732966182,1732970485,groupby,G1_1e8_1e2_0_0,100000000,median v3 sd v3 by id4 id5,10000,4,duckdb,1.1.0,fa5c2fe15f,group_by,1,0.946,NA,TRUE,500020;288668.4,0.001,NA,FALSE
RYZEN,1732966182,1732970486,groupby,G1_1e8_1e2_0_0,100000000,median v3 sd v3 by id4 id5,10000,4,duckdb,1.1.0,fa5c2fe15f,group_by,2,0.935,NA,TRUE,500020;288668.4,0.002,NA,FALSE
RYZEN,1732966182,1732970489,groupby,G1_1e8_1e2_0_0,100000000,max v1 - min v2 by id3,1000000,2,duckdb,1.1.0,fa5c2fe15f,group_by,1,2.295,NA,TRUE,3998729,0.002,NA,FALSE
RYZEN,1732966182,1732970491,groupby,G1_1e8_1e2_0_0,100000000,max v1 - min v2 by id3,1000000,2,duckdb,1.1.0,fa5c2fe15f,group_by,2,2.094,NA,TRUE,3998729,0.001,NA,FALSE
RYZEN,1732966182,1732970494,groupby,G1_1e8_1e2_0_0,100000000,largest two v3 by id6,2000000,2,duckdb,1.1.0,fa5c2fe15f,group_by,1,3.276,NA,TRUE,196996660,0.002,NA,FALSE
RYZEN,1732966182,1732970498,groupby,G1_1e8_1e2_0_0,100000000,largest two v3 by id6,2000000,2,duckdb,1.1.0,fa5c2fe15f,group_by,2,3.326,NA,TRUE,196996660,0.002,NA,FALSE
RYZEN,1732966182,1732970498,groupby,G1_1e8_1e2_0_0,100000000,regression v1 v2 by id2 id4,10000,3,duckdb,1.1.0,fa5c2fe15f,group_by,1,0.414,NA,TRUE,1.006723,0.003,NA,FALSE
RYZEN,1732966182,1732970499,groupby,G1_1e8_1e2_0_0,100000000,regression v1 v2 by id2 id4,10000,3,duckdb,1.1.0,fa5c2fe15f,group_by,2,0.363,NA,TRUE,1.006723,0.002,NA,FALSE
RYZEN,1732966182,1732970503,groupby,G1_1e8_1e2_0_0,100000000,sum v3 count by id1:id6,100000000,8,duckdb,1.1.0,fa5c2fe15f,group_by,1,4.191,NA,TRUE,5000103938;100000000,0.078,NA,FALSE
RYZEN,1732966182,1732970507,groupby,G1_1e8_1e2_0_0,100000000,sum v3 count by id1:id6,100000000,8,duckdb,1.1.0,fa5c2fe15f,group_by,2,4.157,NA,TRUE,5000103938;100000000,0.069,NA,FALSE
RYZEN,1732966182,1732970528,join,J1_1e7_NA_0_0,10000000,small inner on int,8998860,9,duckdb,1.1.0,fa5c2fe15f,inner_join,1,0.173,NA,TRUE,450015154;347720187,0.007,NA,FALSE
RYZEN,1732966182,1732970528,join,J1_1e7_NA_0_0,10000000,small inner on int,8998860,9,duckdb,1.1.0,fa5c2fe15f,inner_join,2,0.142,NA,TRUE,450015154;347720187,0.007,NA,FALSE
RYZEN,1732966182,1732970529,join,J1_1e7_NA_0_0,10000000,medium inner on int,8998412,11,duckdb,1.1.0,fa5c2fe15f,inner_join,1,0.193,NA,TRUE,449954076;449999845,0.008,NA,FALSE
RYZEN,1732966182,1732970529,join,J1_1e7_NA_0_0,10000000,medium inner on int,8998412,11,duckdb,1.1.0,fa5c2fe15f,inner_join,2,0.161,NA,TRUE,449954076;449999845,0.008,NA,FALSE
RYZEN,1732966182,1732970529,join,J1_1e7_NA_0_0,10000000,medium outer on int,10000000,11,duckdb,1.1.0,fa5c2fe15f,left_join,1,0.226,NA,TRUE,500043741;449999845,0.008,NA,FALSE
RYZEN,1732966182,1732970530,join,J1_1e7_NA_0_0,10000000,medium outer on int,10000000,11,duckdb,1.1.0,fa5c2fe15f,left_join,2,0.23,NA,TRUE,500043741;449999845,0.011,NA,FALSE
RYZEN,1732966182,1732970530,join,J1_1e7_NA_0_0,10000000,medium inner on factor,8998412,11,duckdb,1.1.0,fa5c2fe15f,inner_join,1,0.193,NA,TRUE,449954076;449999845,0.007,NA,FALSE
RYZEN,1732966182,1732970530,join,J1_1e7_NA_0_0,10000000,medium inner on factor,8998412,11,duckdb,1.1.0,fa5c2fe15f,inner_join,2,0.182,NA,TRUE,449954076;449999845,0.007,NA,FALSE
RYZEN,1732966182,1732970531,join,J1_1e7_NA_0_0,10000000,big inner on int,9000000,13,duckdb,1.1.0,fa5c2fe15f,inner_join,1,0.664,NA,TRUE,450032092;449860429,0.01,NA,FALSE
RYZEN,1732966182,1732970532,join,J1_1e7_NA_0_0,10000000,big inner on int,9000000,13,duckdb,1.1.0,fa5c2fe15f,inner_join,2,0.596,NA,TRUE,450032092;449860429,0.013,NA,FALSE
RYZEN,1732966182,1732970594,join,J1_1e8_NA_0_0,100000000,small inner on int,89997128,9,duckdb,1.1.0,fa5c2fe15f,inner_join,1,1.306,NA,TRUE,4499430832;4388703871,0.059,NA,FALSE
RYZEN,1732966182,1732970595,join,J1_1e8_NA_0_0,100000000,small inner on int,89997128,9,duckdb,1.1.0,fa5c2fe15f,inner_join,2,1.298,NA,TRUE,4499430832;4388703871,0.059,NA,FALSE
RYZEN,1732966182,1732970597,join,J1_1e8_NA_0_0,100000000,medium inner on int,89995511,11,duckdb,1.1.0,fa5c2fe15f,inner_join,1,1.596,NA,TRUE,4499423746;4507751463,0.058,NA,FALSE
RYZEN,1732966182,1732970599,join,J1_1e8_NA_0_0,100000000,medium inner on int,89995511,11,duckdb,1.1.0,fa5c2fe15f,inner_join,2,1.558,NA,TRUE,4499423746;4507751463,0.059,NA,FALSE
RYZEN,1732966182,1732970601,join,J1_1e8_NA_0_0,100000000,medium outer on int,100000000,11,duckdb,1.1.0,fa5c2fe15f,left_join,1,2.029,NA,TRUE,4999542478;4507751463,0.064,NA,FALSE
RYZEN,1732966182,1732970604,join,J1_1e8_NA_0_0,100000000,medium outer on int,100000000,11,duckdb,1.1.0,fa5c2fe15f,left_join,2,2.02,NA,TRUE,4999542478;4507751463,0.065,NA,FALSE
RYZEN,1732966182,1732970606,join,J1_1e8_NA_0_0,100000000,medium inner on factor,89995511,11,duckdb,1.1.0,fa5c2fe15f,inner_join,1,1.655,NA,TRUE,4499423746;4507751463,0.06,NA,FALSE
RYZEN,1732966182,1732970608,join,J1_1e8_NA_0_0,100000000,medium inner on factor,89995511,11,duckdb,1.1.0,fa5c2fe15f,inner_join,2,1.709,NA,TRUE,4499423746;4507751463,0.058,NA,FALSE
RYZEN,1732966182,1732970616,join,J1_1e8_NA_0_0,100000000,big inner on int,90000000,13,duckdb,1.1.0,fa5c2fe15f,inner_join,1,7.413,NA,TRUE,4499590098;4499913694,0.062,NA,FALSE
RYZEN,1732966182,1732970622,join,J1_1e8_NA_0_0,100000000,big inner on int,90000000,13,duckdb,1.1.0,fa5c2fe15f,inner_join,2,6.338,NA,TRUE,4499590098;4499913694,0.059,NA,FALSE
RYZEN,1732981931,1732982187,groupby,G1_3e8_1e2_0_0,300000000,sum v1 by id1,100,2,data.table,1.16.99,546259ddaba0e8ab1506729113688f85ca2986fd,[.data.table,1,3.725,NA,TRUE,900002293,0.004,NA,FALSE
RYZEN,1732981931,1732982193,groupby,G1_3e8_1e2_0_0,300000000,sum v1 by id1,100,2,data.table,1.16.99,546259ddaba0e8ab1506729113688f85ca2986fd,[.data.table,2,3.764,NA,TRUE,900002293,0.001,NA,FALSE
RYZEN,1732981931,1732982199,groupby,G1_3e8_1e2_0_0,300000000,sum v1 by id1:id2,10000,3,data.table,1.16.99,546259ddaba0e8ab1506729113688f85ca2986fd,[.data.table,1,4.358,NA,TRUE,900002293,0.001,NA,FALSE
RYZEN,1732981931,1732982206,groupby,G1_3e8_1e2_0_0,300000000,sum v1 by id1:id2,10000,3,data.table,1.16.99,546259ddaba0e8ab1506729113688f85ca2986fd,[.data.table,2,4.419,NA,TRUE,900002293,0,NA,FALSE
RYZEN,1732981931,1732982214,groupby,G1_3e8_1e2_0_0,300000000,sum v1 mean v3 by id3,3000000,3,data.table,1.16.99,546259ddaba0e8ab1506729113688f85ca2986fd,[.data.table,1,5.858,NA,TRUE,900002293;150000797,0.011,NA,FALSE
RYZEN,1732981931,1732982223,groupby,G1_3e8_1e2_0_0,300000000,sum v1 mean v3 by id3,3000000,3,data.table,1.16.99,546259ddaba0e8ab1506729113688f85ca2986fd,[.data.table,2,6.46,NA,TRUE,900002293;150000797,0.01,NA,FALSE
RYZEN,1732981931,1732982231,groupby,G1_3e8_1e2_0_0,300000000,mean v1:v3 by id4,100,4,data.table,1.16.99,546259ddaba0e8ab1506729113688f85ca2986fd,[.data.table,1,6.042,NA,TRUE,300.0008;799.968;5000.033,0.001,NA,FALSE
RYZEN,1732981931,1732982239,groupby,G1_3e8_1e2_0_0,300000000,mean v1:v3 by id4,100,4,data.table,1.16.99,546259ddaba0e8ab1506729113688f85ca2986fd,[.data.table,2,5.91,NA,TRUE,300.0008;799.968;5000.033,0,NA,FALSE
RYZEN,1732981931,1732982247,groupby,G1_3e8_1e2_0_0,300000000,sum v1:v3 by id6,3000000,4,data.table,1.16.99,546259ddaba0e8ab1506729113688f85ca2986fd,[.data.table,1,6.594,NA,TRUE,900002293;2399903976;15000100117,0.032,NA,FALSE
RYZEN,1732981931,1732982256,groupby,G1_3e8_1e2_0_0,300000000,sum v1:v3 by id6,3000000,4,data.table,1.16.99,546259ddaba0e8ab1506729113688f85ca2986fd,[.data.table,2,6.07,NA,TRUE,900002293;2399903976;15000100117,0.016,NA,FALSE
RYZEN,1732981931,1732982272,groupby,G1_3e8_1e2_0_0,300000000,median v3 sd v3 by id4 id5,10000,4,data.table,1.16.99,546259ddaba0e8ab1506729113688f85ca2986fd,[.data.table,1,14.456,NA,TRUE,500004.7;288665.8,0.001,NA,FALSE
RYZEN,1732981931,1732982289,groupby,G1_3e8_1e2_0_0,300000000,median v3 sd v3 by id4 id5,10000,4,data.table,1.16.99,546259ddaba0e8ab1506729113688f85ca2986fd,[.data.table,2,14.589,NA,TRUE,500004.7;288665.8,0,NA,FALSE
RYZEN,1732981931,1732982305,groupby,G1_3e8_1e2_0_0,300000000,max v1 - min v2 by id3,3000000,2,data.table,1.16.99,546259ddaba0e8ab1506729113688f85ca2986fd,[.data.table,1,13.839,NA,TRUE,11996269,0.006,NA,FALSE
RYZEN,1732981931,1732982320,groupby,G1_3e8_1e2_0_0,300000000,max v1 - min v2 by id3,3000000,2,data.table,1.16.99,546259ddaba0e8ab1506729113688f85ca2986fd,[.data.table,2,13.377,NA,TRUE,11996269,0.006,NA,FALSE
RYZEN,1732981931,1732982336,groupby,G1_3e8_1e2_0_0,300000000,largest two v3 by id6,6000000,2,data.table,1.16.99,546259ddaba0e8ab1506729113688f85ca2986fd,[.data.table,1,13.442,NA,TRUE,590994350,0.008,NA,FALSE
RYZEN,1732981931,1732982351,groupby,G1_3e8_1e2_0_0,300000000,largest two v3 by id6,6000000,2,data.table,1.16.99,546259ddaba0e8ab1506729113688f85ca2986fd,[.data.table,2,13.527,NA,TRUE,590994350,0.009,NA,FALSE
RYZEN,1732981931,1732982365,groupby,G1_3e8_1e2_0_0,300000000,regression v1 v2 by id2 id4,10000,3,data.table,1.16.99,546259ddaba0e8ab1506729113688f85ca2986fd,[.data.table,1,12.027,NA,TRUE,0.3407185,0.015,NA,FALSE
RYZEN,1732981931,1732982377,groupby,G1_3e8_1e2_0_0,300000000,regression v1 v2 by id2 id4,10000,3,data.table,1.16.99,546259ddaba0e8ab1506729113688f85ca2986fd,[.data.table,2,9.401,NA,TRUE,0.3407185,0.02,NA,FALSE
RYZEN,1732981931,1732982412,groupby,G1_3e8_1e2_0_0,300000000,sum v3 count by id1:id6,300000000,8,data.table,1.16.99,546259ddaba0e8ab1506729113688f85ca2986fd,[.data.table,1,31.582,NA,TRUE,15000100117;300000000,1.214,NA,FALSE
RYZEN,1732981931,1732982449,groupby,G1_3e8_1e2_0_0,300000000,sum v3 count by id1:id6,300000000,8,data.table,1.16.99,546259ddaba0e8ab1506729113688f85ca2986fd,[.data.table,2,34.14,NA,TRUE,15000100117;300000000,1.155,NA,FALSE
RYZEN,1732981931,1732982525,join,J1_1e7_NA_0_0,10000000,small inner on int,8998860,9,data.table,1.16.99,546259ddaba0e8ab1506729113688f85ca2986fd,[.data.table,1,0.233,NA,TRUE,450015154;347720187,0.026,NA,FALSE
RYZEN,1732981931,1732982533,join,J1_1e7_NA_0_0,10000000,small inner on int,8998860,9,data.table,1.16.99,546259ddaba0e8ab1506729113688f85ca2986fd,[.data.table,2,0.231,NA,TRUE,450015154;347720187,0.025,NA,FALSE
RYZEN,1732981931,1732982542,join,J1_1e7_NA_0_0,10000000,medium inner on int,8998412,11,data.table,1.16.99,546259ddaba0e8ab1506729113688f85ca2986fd,[.data.table,1,0.278,NA,TRUE,449954076;449999845,0.025,NA,FALSE
RYZEN,1732981931,1732982550,join,J1_1e7_NA_0_0,10000000,medium inner on int,8998412,11,data.table,1.16.99,546259ddaba0e8ab1506729113688f85ca2986fd,[.data.table,2,0.292,NA,TRUE,449954076;449999845,0.025,NA,FALSE
RYZEN,1732981931,1732982558,join,J1_1e7_NA_0_0,10000000,medium outer on int,10000000,11,data.table,1.16.99,546259ddaba0e8ab1506729113688f85ca2986fd,[.data.table,1,0.374,NA,TRUE,500043741;449999845,0.028,NA,FALSE
RYZEN,1732981931,1732982566,join,J1_1e7_NA_0_0,10000000,medium outer on int,10000000,11,data.table,1.16.99,546259ddaba0e8ab1506729113688f85ca2986fd,[.data.table,2,0.395,NA,TRUE,500043741;449999845,0.028,NA,FALSE
RYZEN,1732981931,1732982575,join,J1_1e7_NA_0_0,10000000,medium inner on factor,8998412,11,data.table,1.16.99,546259ddaba0e8ab1506729113688f85ca2986fd,[.data.table,1,0.305,NA,TRUE,449954076;449999845,0.025,NA,FALSE
RYZEN,1732981931,1732982583,join,J1_1e7_NA_0_0,10000000,medium inner on factor,8998412,11,data.table,1.16.99,546259ddaba0e8ab1506729113688f85ca2986fd,[.data.table,2,0.287,NA,TRUE,449954076;449999845,0.025,NA,FALSE
RYZEN,1732981931,1732982592,join,J1_1e7_NA_0_0,10000000,big inner on int,9000000,13,data.table,1.16.99,546259ddaba0e8ab1506729113688f85ca2986fd,[.data.table,1,1.488,NA,TRUE,450032092;449860429,0.024,NA,FALSE
RYZEN,1732981931,1732982602,join,J1_1e7_NA_0_0,10000000,big inner on int,9000000,13,data.table,1.16.99,546259ddaba0e8ab1506729113688f85ca2986fd,[.data.table,2,1.539,NA,TRUE,450032092;449860429,0.025,NA,FALSE
RYZEN,1732981931,1732983475,join,J1_1e8_NA_0_0,100000000,small inner on int,89997128,9,data.table,1.16.99,546259ddaba0e8ab1506729113688f85ca2986fd,[.data.table,1,2.89,NA,TRUE,4499430832;4388703871,0.248,NA,FALSE
RYZEN,1732981931,1732983593,join,J1_1e8_NA_0_0,100000000,small inner on int,89997128,9,data.table,1.16.99,546259ddaba0e8ab1506729113688f85ca2986fd,[.data.table,2,2.883,NA,TRUE,4499430832;4388703871,0.24,NA,FALSE
RYZEN,1732981931,1732983710,join,J1_1e8_NA_0_0,100000000,medium inner on int,89995511,11,data.table,1.16.99,546259ddaba0e8ab1506729113688f85ca2986fd,[.data.table,1,3.506,NA,TRUE,4499423746;4507751463,0.241,NA,FALSE
RYZEN,1732981931,1732983828,join,J1_1e8_NA_0_0,100000000,medium inner on int,89995511,11,data.table,1.16.99,546259ddaba0e8ab1506729113688f85ca2986fd,[.data.table,2,3.664,NA,TRUE,4499423746;4507751463,0.238,NA,FALSE
RYZEN,1732981931,1732983947,join,J1_1e8_NA_0_0,100000000,medium outer on int,100000000,11,data.table,1.16.99,546259ddaba0e8ab1506729113688f85ca2986fd,[.data.table,1,4.267,NA,TRUE,4999542478;4507751463,0.27,NA,FALSE
RYZEN,1732981931,1732984066,join,J1_1e8_NA_0_0,100000000,medium outer on int,100000000,11,data.table,1.16.99,546259ddaba0e8ab1506729113688f85ca2986fd,[.data.table,2,4.298,NA,TRUE,4999542478;4507751463,0.271,NA,FALSE
RYZEN,1732981931,1732984185,join,J1_1e8_NA_0_0,100000000,medium inner on factor,89995511,11,data.table,1.16.99,546259ddaba0e8ab1506729113688f85ca2986fd,[.data.table,1,3.711,NA,TRUE,4499423746;4507751463,0.239,NA,FALSE
RYZEN,1732981931,1732984303,join,J1_1e8_NA_0_0,100000000,medium inner on factor,89995511,11,data.table,1.16.99,546259ddaba0e8ab1506729113688f85ca2986fd,[.data.table,2,3.566,NA,TRUE,4499423746;4507751463,0.241,NA,FALSE
RYZEN,1732981931,1732988118.6810756,join,J1_1e7_NA_0_0,10000000,small inner on int,8998860,9,pandas,2.2.3,0691c5cf90477d3503834d983f69350f250a6ff7,.merge,1,0.673,5.017,TRUE,450015153.577;347720187.395,0.015,,FALSE
RYZEN,1732981931,1732988119.2985837,join,J1_1e7_NA_0_0,10000000,small inner on int,8998860,9,pandas,2.2.3,0691c5cf90477d3503834d983f69350f250a6ff7,.merge,2,0.596,5.018,TRUE,450015153.577;347720187.395,0.007,,FALSE
RYZEN,1732981931,1732988120.2293513,join,J1_1e7_NA_0_0,10000000,medium inner on int,8998412,11,pandas,2.2.3,0691c5cf90477d3503834d983f69350f250a6ff7,.merge,1,0.881,5.12,TRUE,449954076.026;449999844.937,0.008,,FALSE
RYZEN,1732981931,1732988121.1194127,join,J1_1e7_NA_0_0,10000000,medium inner on int,8998412,11,pandas,2.2.3,0691c5cf90477d3503834d983f69350f250a6ff7,.merge,2,0.867,5.12,TRUE,449954076.026;449999844.937,0.008,,FALSE
RYZEN,1732981931,1732988121.8167913,join,J1_1e7_NA_0_0,10000000,medium outer on int,10000000,11,pandas,2.2.3,0691c5cf90477d3503834d983f69350f250a6ff7,.merge,1,0.648,4.858,TRUE,500043740.752;449999844.937,0.023,,FALSE
RYZEN,1732981931,1732988122.5064626,join,J1_1e7_NA_0_0,10000000,medium outer on int,10000000,11,pandas,2.2.3,0691c5cf90477d3503834d983f69350f250a6ff7,.merge,2,0.652,4.858,TRUE,500043740.752;449999844.937,0.022,,FALSE
RYZEN,1732981931,1732988125.2396615,join,J1_1e7_NA_0_0,10000000,medium inner on factor,8998412,11,pandas,2.2.3,0691c5cf90477d3503834d983f69350f250a6ff7,.merge,1,2.697,5.24,TRUE,449954076.026;449999844.937,0.008,,FALSE
RYZEN,1732981931,1732988128.7347684,join,J1_1e7_NA_0_0,10000000,medium inner on factor,8998412,11,pandas,2.2.3,0691c5cf90477d3503834d983f69350f250a6ff7,.merge,2,3.47,5.24,TRUE,449954076.026;449999844.937,0.011,,FALSE
RYZEN,1732981931,1732988131.9676118,join,J1_1e7_NA_0_0,10000000,big inner on int,9000000,13,pandas,2.2.3,0691c5cf90477d3503834d983f69350f250a6ff7,.merge,1,3.196,5.294,TRUE,450032091.841;449860428.616,0.007,,FALSE
RYZEN,1732981931,1732988134.9584126,join,J1_1e7_NA_0_0,10000000,big inner on int,9000000,13,pandas,2.2.3,0691c5cf90477d3503834d983f69350f250a6ff7,.merge,2,2.969,5.294,TRUE,450032091.841;449860428.616,0.007,,FALSE
RYZEN,1732981931,1732988550.7336187,join,J1_1e8_NA_0_0,100000000,small inner on int,89997128,9,pandas,2.2.3,0691c5cf90477d3503834d983f69350f250a6ff7,.merge,1,7.976,48.893,TRUE,4499430832.39;4388703871.229,0.083,,FALSE
RYZEN,1732981931,1732988557.9834156,join,J1_1e8_NA_0_0,100000000,small inner on int,89997128,9,pandas,2.2.3,0691c5cf90477d3503834d983f69350f250a6ff7,.merge,2,7.16,48.883,TRUE,4499430832.39;4388703871.229,0.069,,FALSE
RYZEN,1732981931,1732988574.4579904,join,J1_1e8_NA_0_0,100000000,medium inner on int,89995511,11,pandas,2.2.3,0691c5cf90477d3503834d983f69350f250a6ff7,.merge,1,16.358,49.892,TRUE,4499423746.365;4507751463.252,0.071,,FALSE
RYZEN,1732981931,1732988584.3998716,join,J1_1e8_NA_0_0,100000000,medium inner on int,89995511,11,pandas,2.2.3,0691c5cf90477d3503834d983f69350f250a6ff7,.merge,2,9.849,49.892,TRUE,4499423746.365;4507751463.252,0.071,,FALSE
RYZEN,1732981931,1732988591.8384945,join,J1_1e8_NA_0_0,100000000,medium outer on int,100000000,11,pandas,2.2.3,0691c5cf90477d3503834d983f69350f250a6ff7,.merge,1,7.197,47.488,TRUE,4999542477.919;4507751463.252,0.207,,FALSE
RYZEN,1732981931,1732988599.7347434,join,J1_1e8_NA_0_0,100000000,medium outer on int,100000000,11,pandas,2.2.3,0691c5cf90477d3503834d983f69350f250a6ff7,.merge,2,7.673,47.489,TRUE,4999542477.919;4507751463.252,0.203,,FALSE
RYZEN,1732981931,1732988690.538664,join,J1_1e8_NA_0_0,100000000,medium inner on factor,89995511,11,pandas,2.2.3,0691c5cf90477d3503834d983f69350f250a6ff7,.merge,1,90.699,50.826,TRUE,4499423746.365;4507751463.252,0.07,,FALSE
RYZEN,1732981931,1732988728.2608194,join,J1_1e8_NA_0_0,100000000,medium inner on factor,89995511,11,pandas,2.2.3,0691c5cf90477d3503834d983f69350f250a6ff7,.merge,2,37.626,50.826,TRUE,4499423746.365;4507751463.252,0.071,,FALSE
RYZEN,1732981931,1732988799.4847898,join,J1_1e8_NA_0_0,100000000,big inner on int,90000000,13,pandas,2.2.3,0691c5cf90477d3503834d983f69350f250a6ff7,.merge,1,71.114,50.921,TRUE,4499590098.078;4499913694.243,0.074,,FALSE
RYZEN,1732981931,1732988845.9264746,join,J1_1e8_NA_0_0,100000000,big inner on int,90000000,13,pandas,2.2.3,0691c5cf90477d3503834d983f69350f250a6ff7,.merge,2,46.334,50.922,TRUE,4499590098.078;4499913694.243,0.08,,FALSE
RYZEN,1732981931,1732990138.2695825,groupby,G1_3e8_1e2_0_0,300000000,sum v1 by id1,100,2,polars,1.14.0,,.groupby,1,12.031,26.26,TRUE,900002293,0.021,,FALSE
RYZEN,1732981931,1732990139.4726975,groupby,G1_3e8_1e2_0_0,300000000,sum v1 by id1,100,2,polars,1.14.0,,.groupby,2,1.196,26.277,TRUE,900002293,0.0,,FALSE
RYZEN,1732981931,1732990153.3477657,groupby,G1_3e8_1e2_0_0,300000000,sum v1 by id1:id2,10000,3,polars,1.14.0,,.groupby,1,13.851,27.42,TRUE,900002293,0.0,,FALSE
RYZEN,1732981931,1732990162.866511,groupby,G1_3e8_1e2_0_0,300000000,sum v1 by id1:id2,10000,3,polars,1.14.0,,.groupby,2,9.509,27.42,TRUE,900002293,0.0,,FALSE
RYZEN,1732981931,1732990198.682364,groupby,G1_3e8_1e2_0_0,300000000,sum v1 mean v3 by id3,3000000,3,polars,1.14.0,,.groupby,1,34.995,30.874,TRUE,900002293.0;150000796.654,0.812,,FALSE
RYZEN,1732981931,1732990206.229529,groupby,G1_3e8_1e2_0_0,300000000,sum v1 mean v3 by id3,3000000,3,polars,1.14.0,,.groupby,2,7.528,30.922,TRUE,900002293.0;150000796.654,0.008,,FALSE
RYZEN,1732981931,1732990242.6736972,groupby,G1_3e8_1e2_0_0,300000000,mean v1:v3 by id4,100,4,polars,1.14.0,,.groupby,1,36.418,33.091,TRUE,300.001;799.968;5000.033,0.01,,FALSE
RYZEN,1732981931,1732990246.201534,groupby,G1_3e8_1e2_0_0,300000000,mean v1:v3 by id4,100,4,polars,1.14.0,,.groupby,2,3.519,33.098,TRUE,300.001;799.968;5000.033,0.0,,FALSE
RYZEN,1732981931,1732990283.1525943,groupby,G1_3e8_1e2_0_0,300000000,sum v1:v3 by id6,3000000,4,polars,1.14.0,,.groupby,1,36.934,34.343,TRUE,900002293.0;2399903976.0;15000100116.937,0.009,,FALSE
RYZEN,1732981931,1732990291.2157776,groupby,G1_3e8_1e2_0_0,300000000,sum v1:v3 by id6,3000000,4,polars,1.14.0,,.groupby,2,8.044,34.312,TRUE,900002293.0;2399903976.0;15000100116.937,0.01,,FALSE
RYZEN,1732981931,1732990305.275065,groupby,G1_3e8_1e2_0_0,300000000,median v3 sd v3 by id4 id5,10000,4,polars,1.14.0,,.groupby,1,14.049,35.33,TRUE,500004.715;288665.822,0.0,,FALSE
RYZEN,1732981931,1732990315.0181222,groupby,G1_3e8_1e2_0_0,300000000,median v3 sd v3 by id4 id5,10000,4,polars,1.14.0,,.groupby,2,9.735,35.33,TRUE,500004.715;288665.822,0.0,,FALSE
RYZEN,1732981931,1732990323.1590238,groupby,G1_3e8_1e2_0_0,300000000,max v1 - min v2 by id3,3000000,2,polars,1.14.0,,.groupby,1,8.126,35.406,TRUE,11996269,0.006,,FALSE
RYZEN,1732981931,1732990331.249316,groupby,G1_3e8_1e2_0_0,300000000,max v1 - min v2 by id3,3000000,2,polars,1.14.0,,.groupby,2,8.075,35.397,TRUE,11996269,0.007,,FALSE
RYZEN,1732981931,1732990347.1533246,groupby,G1_3e8_1e2_0_0,300000000,largest two v3 by id6,6000000,2,polars,1.14.0,,.groupby,1,15.891,35.443,TRUE,590994350.212,0.003,,FALSE
RYZEN,1732981931,1732990363.017602,groupby,G1_3e8_1e2_0_0,300000000,largest two v3 by id6,6000000,2,polars,1.14.0,,.groupby,2,15.854,35.443,TRUE,590994350.212,0.002,,FALSE
RYZEN,1732981931,1732990377.358139,groupby,G1_3e8_1e2_0_0,300000000,regression v1 v2 by id2 id4,10000,3,polars,1.14.0,,.groupby,1,14.331,35.332,TRUE,0.341,0.0,,FALSE
RYZEN,1732981931,1732990391.079904,groupby,G1_3e8_1e2_0_0,300000000,regression v1 v2 by id2 id4,10000,3,polars,1.14.0,,.groupby,2,13.713,35.332,TRUE,0.341,0.0,,FALSE
RYZEN,1732981931,1732992847.342484,join,J1_1e7_NA_0_0,10000000,small inner on int,8998860,9,polars,1.14.0,,.join,1,1.215,2.419,TRUE,450015168.0;347720192.0,0.013,,FALSE
RYZEN,1732981931,1732992847.4313724,join,J1_1e7_NA_0_0,10000000,small inner on int,8998860,9,polars,1.14.0,,.join,2,0.077,2.423,TRUE,450015168.0;347720192.0,0.004,,FALSE
RYZEN,1732981931,1732992847.566307,join,J1_1e7_NA_0_0,10000000,medium inner on int,8998412,11,polars,1.14.0,,.join,1,0.091,2.511,TRUE,449954112.0;449999840.0,0.004,,FALSE
RYZEN,1732981931,1732992847.6653814,join,J1_1e7_NA_0_0,10000000,medium inner on int,8998412,11,polars,1.14.0,,.join,2,0.089,2.512,TRUE,449954112.0;449999840.0,0.003,,FALSE
RYZEN,1732981931,1732992847.743437,join,J1_1e7_NA_0_0,10000000,medium outer on int,10000000,11,polars,1.14.0,,.join,1,0.066,2.319,TRUE,500043712.0;449999840.0,0.005,,FALSE
RYZEN,1732981931,1732992847.8110762,join,J1_1e7_NA_0_0,10000000,medium outer on int,10000000,11,polars,1.14.0,,.join,2,0.056,2.319,TRUE,500043712.0;449999840.0,0.005,,FALSE
RYZEN,1732981931,1732992847.9098752,join,J1_1e7_NA_0_0,10000000,medium inner on factor,8998412,11,polars,1.14.0,,.join,1,0.089,2.555,TRUE,449954112.0;449999840.0,0.004,,FALSE
RYZEN,1732981931,1732992848.011756,join,J1_1e7_NA_0_0,10000000,medium inner on factor,8998412,11,polars,1.14.0,,.join,2,0.091,2.556,TRUE,449954112.0;449999840.0,0.004,,FALSE
RYZEN,1732981931,1732992849.3568013,join,J1_1e7_NA_0_0,10000000,big inner on int,9000000,13,polars,1.14.0,,.join,1,1.335,2.789,TRUE,450032096.0;449860448.0,0.003,,FALSE
RYZEN,1732981931,1732992849.871632,join,J1_1e7_NA_0_0,10000000,big inner on int,9000000,13,polars,1.14.0,,.join,2,0.504,2.825,TRUE,450032096.0;449860448.0,0.003,,FALSE
RYZEN,1732981931,1732993376.7754416,join,J1_1e8_NA_0_0,100000000,small inner on int,89997128,9,polars,1.14.0,,.join,1,10.656,20.55,TRUE,4499430400.0;4388704256.0,0.032,,FALSE
RYZEN,1732981931,1732993377.5685978,join,J1_1e8_NA_0_0,100000000,small inner on int,89997128,9,polars,1.14.0,,.join,2,0.753,20.549,TRUE,4499430400.0;4388704256.0,0.027,,FALSE
RYZEN,1732981931,1732993378.544467,join,J1_1e8_NA_0_0,100000000,medium inner on int,89995511,11,polars,1.14.0,,.join,1,0.926,21.356,TRUE,4499423744.0;4507751424.0,0.027,,FALSE
RYZEN,1732981931,1732993379.5550873,join,J1_1e8_NA_0_0,100000000,medium inner on int,89995511,11,polars,1.14.0,,.join,2,0.971,21.227,TRUE,4499423744.0;4507751424.0,0.027,,FALSE
RYZEN,1732981931,1732993380.245165,join,J1_1e8_NA_0_0,100000000,medium outer on int,100000000,11,polars,1.14.0,,.join,1,0.638,19.06,TRUE,4999542784.0;4507751424.0,0.039,,FALSE
RYZEN,1732981931,1732993380.920341,join,J1_1e8_NA_0_0,100000000,medium outer on int,100000000,11,polars,1.14.0,,.join,2,0.625,19.06,TRUE,4999542784.0;4507751424.0,0.041,,FALSE
RYZEN,1732981931,1732993382.144656,join,J1_1e8_NA_0_0,100000000,medium inner on factor,89995511,11,polars,1.14.0,,.join,1,1.186,21.525,TRUE,4499423744.0;4507751424.0,0.028,,FALSE
RYZEN,1732981931,1732993383.1448445,join,J1_1e8_NA_0_0,100000000,medium inner on factor,89995511,11,polars,1.14.0,,.join,2,0.96,21.266,TRUE,4499423744.0;4507751424.0,0.028,,FALSE
RYZEN,1732981931,1732993397.3716638,join,J1_1e8_NA_0_0,100000000,big inner on int,90000000,13,polars,1.14.0,,.join,1,14.184,23.434,TRUE,4499590144.0;4499913728.0,0.03,,FALSE
RYZEN,1732981931,1732993403.800922,join,J1_1e8_NA_0_0,100000000,big inner on int,90000000,13,polars,1.14.0,,.join,2,6.383,23.436,TRUE,4499590144.0;4499913728.0,0.03,,FALSE
RYZEN,1732981931,1732993529,groupby,G1_3e8_1e2_0_0,300000000,sum v1 by id1,100,2,duckdb,1.1.0,fa5c2fe15f,group_by,1,0.311,NA,TRUE,900002293,0.001,NA,FALSE
RYZEN,1732981931,1732993529,groupby,G1_3e8_1e2_0_0,300000000,sum v1 by id1,100,2,duckdb,1.1.0,fa5c2fe15f,group_by,2,0.119,NA,TRUE,900002293,0.001,NA,FALSE
RYZEN,1732981931,1732993530,groupby,G1_3e8_1e2_0_0,300000000,sum v1 by id1:id2,10000,3,duckdb,1.1.0,fa5c2fe15f,group_by,1,0.566,NA,TRUE,900002293,0.001,NA,FALSE
RYZEN,1732981931,1732993530,groupby,G1_3e8_1e2_0_0,300000000,sum v1 by id1:id2,10000,3,duckdb,1.1.0,fa5c2fe15f,group_by,2,0.513,NA,TRUE,900002293,0.002,NA,FALSE
RYZEN,1732981931,1732993540,groupby,G1_3e8_1e2_0_0,300000000,sum v1 mean v3 by id3,3000000,3,duckdb,1.1.0,fa5c2fe15f,group_by,1,9.916,NA,TRUE,900002293;150000797,0.006,NA,FALSE
RYZEN,1732981931,1732993550,groupby,G1_3e8_1e2_0_0,300000000,sum v1 mean v3 by id3,3000000,3,duckdb,1.1.0,fa5c2fe15f,group_by,2,9.424,NA,TRUE,900002293;150000797,0.005,NA,FALSE
RYZEN,1732981931,1732993550,groupby,G1_3e8_1e2_0_0,300000000,mean v1:v3 by id4,100,4,duckdb,1.1.0,fa5c2fe15f,group_by,1,0.461,NA,TRUE,300.0008;799.968;5000.033,0.001,NA,FALSE
RYZEN,1732981931,1732993551,groupby,G1_3e8_1e2_0_0,300000000,mean v1:v3 by id4,100,4,duckdb,1.1.0,fa5c2fe15f,group_by,2,0.256,NA,TRUE,300.0008;799.968;5000.033,0.001,NA,FALSE
RYZEN,1732981931,1732993560,groupby,G1_3e8_1e2_0_0,300000000,sum v1:v3 by id6,3000000,4,duckdb,1.1.0,fa5c2fe15f,group_by,1,9.41,NA,TRUE,900002293;2399903976;15000100117,0.009,NA,FALSE
RYZEN,1732981931,1732993570,groupby,G1_3e8_1e2_0_0,300000000,sum v1:v3 by id6,3000000,4,duckdb,1.1.0,fa5c2fe15f,group_by,2,9.248,NA,TRUE,900002293;2399903976;15000100117,0.008,NA,FALSE
RYZEN,1732981931,1732993573,groupby,G1_3e8_1e2_0_0,300000000,median v3 sd v3 by id4 id5,10000,4,duckdb,1.1.0,fa5c2fe15f,group_by,1,3.574,NA,TRUE,500004.7;288665.8,0.002,NA,FALSE
RYZEN,1732981931,1732993577,groupby,G1_3e8_1e2_0_0,300000000,median v3 sd v3 by id4 id5,10000,4,duckdb,1.1.0,fa5c2fe15f,group_by,2,3.723,NA,TRUE,500004.7;288665.8,0.003,NA,FALSE
RYZEN,1732981931,1732993586,groupby,G1_3e8_1e2_0_0,300000000,max v1 - min v2 by id3,3000000,2,duckdb,1.1.0,fa5c2fe15f,group_by,1,9.171,NA,TRUE,11996269,0.003,NA,FALSE
RYZEN,1732981931,1732993596,groupby,G1_3e8_1e2_0_0,300000000,max v1 - min v2 by id3,3000000,2,duckdb,1.1.0,fa5c2fe15f,group_by,2,8.834,NA,TRUE,11996269,0.002,NA,FALSE
RYZEN,1732981931,1732993612,groupby,G1_3e8_1e2_0_0,300000000,largest two v3 by id6,6000000,2,duckdb,1.1.0,fa5c2fe15f,group_by,1,16.005,NA,TRUE,590994350,0.003,NA,FALSE
RYZEN,1732981931,1732993627,groupby,G1_3e8_1e2_0_0,300000000,largest two v3 by id6,6000000,2,duckdb,1.1.0,fa5c2fe15f,group_by,2,14.789,NA,TRUE,590994350,0.002,NA,FALSE
RYZEN,1732981931,1732993628,groupby,G1_3e8_1e2_0_0,300000000,regression v1 v2 by id2 id4,10000,3,duckdb,1.1.0,fa5c2fe15f,group_by,1,1.276,NA,TRUE,0.3407185,0.001,NA,FALSE
RYZEN,1732981931,1732993630,groupby,G1_3e8_1e2_0_0,300000000,regression v1 v2 by id2 id4,10000,3,duckdb,1.1.0,fa5c2fe15f,group_by,2,1.224,NA,TRUE,0.3407185,0.002,NA,FALSE
RYZEN,1732981931,1732994019,groupby,G1_3e8_1e2_0_0,300000000,sum v3 count by id1:id6,300000000,8,duckdb,1.1.0,fa5c2fe15f,group_by,1,388.743,NA,TRUE,15000100117;300000000,0.201,NA,FALSE
RYZEN,1732981931,1732994305,groupby,G1_3e8_1e2_0_0,300000000,sum v3 count by id1:id6,300000000,8,duckdb,1.1.0,fa5c2fe15f,group_by,2,253.684,NA,TRUE,15000100117;300000000,0.189,NA,FALSE
RYZEN,1732981931,1732994431,join,J1_1e7_NA_0_0,10000000,small inner on int,8998860,9,duckdb,1.1.0,fa5c2fe15f,inner_join,1,0.162,NA,TRUE,450015154;347720187,0.008,NA,FALSE
RYZEN,1732981931,1732994432,join,J1_1e7_NA_0_0,10000000,small inner on int,8998860,9,duckdb,1.1.0,fa5c2fe15f,inner_join,2,0.144,NA,TRUE,450015154;347720187,0.008,NA,FALSE
RYZEN,1732981931,1732994432,join,J1_1e7_NA_0_0,10000000,medium inner on int,8998412,11,duckdb,1.1.0,fa5c2fe15f,inner_join,1,0.187,NA,TRUE,449954076;449999845,0.007,NA,FALSE
RYZEN,1732981931,1732994432,join,J1_1e7_NA_0_0,10000000,medium inner on int,8998412,11,duckdb,1.1.0,fa5c2fe15f,inner_join,2,0.169,NA,TRUE,449954076;449999845,0.008,NA,FALSE
RYZEN,1732981931,1732994432,join,J1_1e7_NA_0_0,10000000,medium outer on int,10000000,11,duckdb,1.1.0,fa5c2fe15f,left_join,1,0.216,NA,TRUE,500043741;449999845,0.009,NA,FALSE
RYZEN,1732981931,1732994433,join,J1_1e7_NA_0_0,10000000,medium outer on int,10000000,11,duckdb,1.1.0,fa5c2fe15f,left_join,2,0.211,NA,TRUE,500043741;449999845,0.009,NA,FALSE
RYZEN,1732981931,1732994433,join,J1_1e7_NA_0_0,10000000,medium inner on factor,8998412,11,duckdb,1.1.0,fa5c2fe15f,inner_join,1,0.177,NA,TRUE,449954076;449999845,0.008,NA,FALSE
RYZEN,1732981931,1732994433,join,J1_1e7_NA_0_0,10000000,medium inner on factor,8998412,11,duckdb,1.1.0,fa5c2fe15f,inner_join,2,0.174,NA,TRUE,449954076;449999845,0.008,NA,FALSE
RYZEN,1732981931,1732994434,join,J1_1e7_NA_0_0,10000000,big inner on int,9000000,13,duckdb,1.1.0,fa5c2fe15f,inner_join,1,0.589,NA,TRUE,450032092;449860429,0.008,NA,FALSE
RYZEN,1732981931,1732994435,join,J1_1e7_NA_0_0,10000000,big inner on int,9000000,13,duckdb,1.1.0,fa5c2fe15f,inner_join,2,0.562,NA,TRUE,450032092;449860429,0.009,NA,FALSE
RYZEN,1732981931,1732994513,join,J1_1e8_NA_0_0,100000000,small inner on int,89997128,9,duckdb,1.1.0,fa5c2fe15f,inner_join,1,1.28,NA,TRUE,4499430832;4388703871,0.059,NA,FALSE
RYZEN,1732981931,1732994514,join,J1_1e8_NA_0_0,100000000,small inner on int,89997128,9,duckdb,1.1.0,fa5c2fe15f,inner_join,2,1.304,NA,TRUE,4499430832;4388703871,0.057,NA,FALSE
RYZEN,1732981931,1732994516,join,J1_1e8_NA_0_0,100000000,medium inner on int,89995511,11,duckdb,1.1.0,fa5c2fe15f,inner_join,1,1.568,NA,TRUE,4499423746;4507751463,0.059,NA,FALSE
RYZEN,1732981931,1732994518,join,J1_1e8_NA_0_0,100000000,medium inner on int,89995511,11,duckdb,1.1.0,fa5c2fe15f,inner_join,2,1.561,NA,TRUE,4499423746;4507751463,0.059,NA,FALSE
RYZEN,1732981931,1732994520,join,J1_1e8_NA_0_0,100000000,medium outer on int,100000000,11,duckdb,1.1.0,fa5c2fe15f,left_join,1,2.011,NA,TRUE,4999542478;4507751463,0.063,NA,FALSE
RYZEN,1732981931,1732994522,join,J1_1e8_NA_0_0,100000000,medium outer on int,100000000,11,duckdb,1.1.0,fa5c2fe15f,left_join,2,2.066,NA,TRUE,4999542478;4507751463,0.066,NA,FALSE
RYZEN,1732981931,1732994525,join,J1_1e8_NA_0_0,100000000,medium inner on factor,89995511,11,duckdb,1.1.0,fa5c2fe15f,inner_join,1,1.708,NA,TRUE,4499423746;4507751463,0.06,NA,FALSE
RYZEN,1732981931,1732994527,join,J1_1e8_NA_0_0,100000000,medium inner on factor,89995511,11,duckdb,1.1.0,fa5c2fe15f,inner_join,2,1.728,NA,TRUE,4499423746;4507751463,0.081,NA,FALSE
RYZEN,1732981931,1732994534,join,J1_1e8_NA_0_0,100000000,big inner on int,90000000,13,duckdb,1.1.0,fa5c2fe15f,inner_join,1,7,NA,TRUE,4499590098;4499913694,0.061,NA,FALSE
RYZEN,1732981931,1732994540,join,J1_1e8_NA_0_0,100000000,big inner on int,90000000,13,duckdb,1.1.0,fa5c2fe15f,inner_join,2,6.219,NA,TRUE,4499590098;4499913694,0.057,NA,FALSE
RYZEN,1733000777,1733001041,groupby,G1_3e8_1e2_0_0,300000000,sum v1 by id1,100,2,data.table,1.16.99,546259ddaba0e8ab1506729113688f85ca2986fd,[.data.table,1,3.941,NA,TRUE,900002293,0.001,NA,FALSE
RYZEN,1733000777,1733001047,groupby,G1_3e8_1e2_0_0,300000000,sum v1 by id1,100,2,data.table,1.16.99,546259ddaba0e8ab1506729113688f85ca2986fd,[.data.table,2,3.74,NA,TRUE,900002293,0.001,NA,FALSE
RYZEN,1733000777,1733001054,groupby,G1_3e8_1e2_0_0,300000000,sum v1 by id1:id2,10000,3,data.table,1.16.99,546259ddaba0e8ab1506729113688f85ca2986fd,[.data.table,1,4.846,NA,TRUE,900002293,0,NA,FALSE
RYZEN,1733000777,1733001060,groupby,G1_3e8_1e2_0_0,300000000,sum v1 by id1:id2,10000,3,data.table,1.16.99,546259ddaba0e8ab1506729113688f85ca2986fd,[.data.table,2,4.428,NA,TRUE,900002293,0,NA,FALSE
RYZEN,1733000777,1733001069,groupby,G1_3e8_1e2_0_0,300000000,sum v1 mean v3 by id3,3000000,3,data.table,1.16.99,546259ddaba0e8ab1506729113688f85ca2986fd,[.data.table,1,6.029,NA,TRUE,900002293;150000797,0.01,NA,FALSE
RYZEN,1733000777,1733001077,groupby,G1_3e8_1e2_0_0,300000000,sum v1 mean v3 by id3,3000000,3,data.table,1.16.99,546259ddaba0e8ab1506729113688f85ca2986fd,[.data.table,2,6.013,NA,TRUE,900002293;150000797,0.01,NA,FALSE
RYZEN,1733000777,1733001085,groupby,G1_3e8_1e2_0_0,300000000,mean v1:v3 by id4,100,4,data.table,1.16.99,546259ddaba0e8ab1506729113688f85ca2986fd,[.data.table,1,6.305,NA,TRUE,300.0008;799.968;5000.033,0,NA,FALSE
RYZEN,1733000777,1733001093,groupby,G1_3e8_1e2_0_0,300000000,mean v1:v3 by id4,100,4,data.table,1.16.99,546259ddaba0e8ab1506729113688f85ca2986fd,[.data.table,2,5.881,NA,TRUE,300.0008;799.968;5000.033,0.001,NA,FALSE
RYZEN,1733000777,1733001102,groupby,G1_3e8_1e2_0_0,300000000,sum v1:v3 by id6,3000000,4,data.table,1.16.99,546259ddaba0e8ab1506729113688f85ca2986fd,[.data.table,1,6.527,NA,TRUE,900002293;2399903976;15000100117,0.016,NA,FALSE
RYZEN,1733000777,1733001110,groupby,G1_3e8_1e2_0_0,300000000,sum v1:v3 by id6,3000000,4,data.table,1.16.99,546259ddaba0e8ab1506729113688f85ca2986fd,[.data.table,2,5.778,NA,TRUE,900002293;2399903976;15000100117,0.016,NA,FALSE
RYZEN,1733000777,1733001126,groupby,G1_3e8_1e2_0_0,300000000,median v3 sd v3 by id4 id5,10000,4,data.table,1.16.99,546259ddaba0e8ab1506729113688f85ca2986fd,[.data.table,1,14.719,NA,TRUE,500004.7;288665.8,0,NA,FALSE
RYZEN,1733000777,1733001143,groupby,G1_3e8_1e2_0_0,300000000,median v3 sd v3 by id4 id5,10000,4,data.table,1.16.99,546259ddaba0e8ab1506729113688f85ca2986fd,[.data.table,2,14.346,NA,TRUE,500004.7;288665.8,0,NA,FALSE
RYZEN,1733000777,1733001159,groupby,G1_3e8_1e2_0_0,300000000,max v1 - min v2 by id3,3000000,2,data.table,1.16.99,546259ddaba0e8ab1506729113688f85ca2986fd,[.data.table,1,14.183,NA,TRUE,11996269,0.006,NA,FALSE
RYZEN,1733000777,1733001174,groupby,G1_3e8_1e2_0_0,300000000,max v1 - min v2 by id3,3000000,2,data.table,1.16.99,546259ddaba0e8ab1506729113688f85ca2986fd,[.data.table,2,13.403,NA,TRUE,11996269,0.006,NA,FALSE
RYZEN,1733000777,1733001190,groupby,G1_3e8_1e2_0_0,300000000,largest two v3 by id6,6000000,2,data.table,1.16.99,546259ddaba0e8ab1506729113688f85ca2986fd,[.data.table,1,13.473,NA,TRUE,590994350,0.008,NA,FALSE
RYZEN,1733000777,1733001205,groupby,G1_3e8_1e2_0_0,300000000,largest two v3 by id6,6000000,2,data.table,1.16.99,546259ddaba0e8ab1506729113688f85ca2986fd,[.data.table,2,13.887,NA,TRUE,590994350,0.008,NA,FALSE
RYZEN,1733000777,1733001221,groupby,G1_3e8_1e2_0_0,300000000,regression v1 v2 by id2 id4,10000,3,data.table,1.16.99,546259ddaba0e8ab1506729113688f85ca2986fd,[.data.table,1,13.492,NA,TRUE,0.3407185,0.014,NA,FALSE
RYZEN,1733000777,1733001233,groupby,G1_3e8_1e2_0_0,300000000,regression v1 v2 by id2 id4,10000,3,data.table,1.16.99,546259ddaba0e8ab1506729113688f85ca2986fd,[.data.table,2,9.673,NA,TRUE,0.3407185,0.019,NA,FALSE
RYZEN,1733000777,1733001268,groupby,G1_3e8_1e2_0_0,300000000,sum v3 count by id1:id6,300000000,8,data.table,1.16.99,546259ddaba0e8ab1506729113688f85ca2986fd,[.data.table,1,32.097,NA,TRUE,15000100117;300000000,1.177,NA,FALSE
RYZEN,1733000777,1733001304,groupby,G1_3e8_1e2_0_0,300000000,sum v3 count by id1:id6,300000000,8,data.table,1.16.99,546259ddaba0e8ab1506729113688f85ca2986fd,[.data.table,2,33.209,NA,TRUE,15000100117;300000000,1.167,NA,FALSE
RYZEN,1733051933,1733054167.2340426,groupby,G1_3e8_1e2_0_0,300000000,sum v1 by id1,100,2,polars,1.14.0,,.groupby,1,11.133,26.219,TRUE,900002293,0.027,,FALSE
RYZEN,1733051933,1733054168.4158428,groupby,G1_3e8_1e2_0_0,300000000,sum v1 by id1,100,2,polars,1.14.0,,.groupby,2,1.171,26.251,TRUE,900002293,0.0,,FALSE
RYZEN,1733051933,1733054184.0035024,groupby,G1_3e8_1e2_0_0,300000000,sum v1 by id1:id2,10000,3,polars,1.14.0,,.groupby,1,14.558,27.393,TRUE,900002293,0.0,,FALSE
RYZEN,1733051933,1733054191.9136443,groupby,G1_3e8_1e2_0_0,300000000,sum v1 by id1:id2,10000,3,polars,1.14.0,,.groupby,2,7.902,27.394,TRUE,900002293,0.0,,FALSE
RYZEN,1733051933,1733054226.7892663,groupby,G1_3e8_1e2_0_0,300000000,sum v1 mean v3 by id3,3000000,3,polars,1.14.0,,.groupby,1,32.831,30.858,TRUE,900002293.0;150000796.654,1.201,,FALSE
RYZEN,1733051933,1733054233.9043806,groupby,G1_3e8_1e2_0_0,300000000,sum v1 mean v3 by id3,3000000,3,polars,1.14.0,,.groupby,2,7.1,30.885,TRUE,900002293.0;150000796.654,0.007,,FALSE
RYZEN,1733051933,1733054267.862278,groupby,G1_3e8_1e2_0_0,300000000,mean v1:v3 by id4,100,4,polars,1.14.0,,.groupby,1,32.99,33.063,TRUE,300.001;799.968;5000.033,0.01,,FALSE
RYZEN,1733051933,1733054271.165569,groupby,G1_3e8_1e2_0_0,300000000,mean v1:v3 by id4,100,4,polars,1.14.0,,.groupby,2,3.295,33.096,TRUE,300.001;799.968;5000.033,0.0,,FALSE
RYZEN,1733051933,1733054294.5643547,groupby,G1_3e8_1e2_0_0,300000000,sum v1:v3 by id6,3000000,4,polars,1.14.0,,.groupby,1,22.453,34.315,TRUE,900002293.0;2399903976.0;15000100116.937,0.008,,FALSE
RYZEN,1733051933,1733054302.3322296,groupby,G1_3e8_1e2_0_0,300000000,sum v1:v3 by id6,3000000,4,polars,1.14.0,,.groupby,2,7.75,34.315,TRUE,900002293.0;2399903976.0;15000100116.937,0.009,,FALSE
RYZEN,1733051933,1733054316.9692063,groupby,G1_3e8_1e2_0_0,300000000,median v3 sd v3 by id4 id5,10000,4,polars,1.14.0,,.groupby,1,13.675,35.331,TRUE,500004.715;288665.822,0.0,,FALSE
RYZEN,1733051933,1733054326.0677834,groupby,G1_3e8_1e2_0_0,300000000,median v3 sd v3 by id4 id5,10000,4,polars,1.14.0,,.groupby,2,9.09,35.332,TRUE,500004.715;288665.822,0.0,,FALSE
RYZEN,1733051933,1733054333.6508856,groupby,G1_3e8_1e2_0_0,300000000,max v1 - min v2 by id3,3000000,2,polars,1.14.0,,.groupby,1,7.57,35.398,TRUE,11996269,0.005,,FALSE
RYZEN,1733051933,1733054341.657994,groupby,G1_3e8_1e2_0_0,300000000,max v1 - min v2 by id3,3000000,2,polars,1.14.0,,.groupby,2,7.993,35.406,TRUE,11996269,0.006,,FALSE
RYZEN,1733051933,1733054358.6387076,groupby,G1_3e8_1e2_0_0,300000000,largest two v3 by id6,6000000,2,polars,1.14.0,,.groupby,1,16.038,35.453,TRUE,590994350.212,0.003,,FALSE
RYZEN,1733051933,1733054373.9862225,groupby,G1_3e8_1e2_0_0,300000000,largest two v3 by id6,6000000,2,polars,1.14.0,,.groupby,2,15.336,35.453,TRUE,590994350.212,0.003,,FALSE
RYZEN,1733051933,1733054386.7202199,groupby,G1_3e8_1e2_0_0,300000000,regression v1 v2 by id2 id4,10000,3,polars,1.14.0,,.groupby,1,11.838,35.341,TRUE,0.341,0.0,,FALSE
RYZEN,1733051933,1733054400.2474349,groupby,G1_3e8_1e2_0_0,300000000,regression v1 v2 by id2 id4,10000,3,polars,1.14.0,,.groupby,2,13.518,35.342,TRUE,0.341,0.0,,FALSE
RYZEN,1733056546,1733056657,groupby,G1_3e8_1e2_0_0,300000000,sum v1 by id1,100,2,duckdb,1.1.0,fa5c2fe15f,group_by,1,0.291,NA,TRUE,900002293,0.002,NA,FALSE
RYZEN,1733056546,1733056657,groupby,G1_3e8_1e2_0_0,300000000,sum v1 by id1,100,2,duckdb,1.1.0,fa5c2fe15f,group_by,2,0.113,NA,TRUE,900002293,0.001,NA,FALSE
RYZEN,1733056546,1733056658,groupby,G1_3e8_1e2_0_0,300000000,sum v1 by id1:id2,10000,3,duckdb,1.1.0,fa5c2fe15f,group_by,1,0.531,NA,TRUE,900002293,0.001,NA,FALSE
RYZEN,1733056546,1733056658,groupby,G1_3e8_1e2_0_0,300000000,sum v1 by id1:id2,10000,3,duckdb,1.1.0,fa5c2fe15f,group_by,2,0.525,NA,TRUE,900002293,0.001,NA,FALSE
RYZEN,1733056546,1733056668,groupby,G1_3e8_1e2_0_0,300000000,sum v1 mean v3 by id3,3000000,3,duckdb,1.1.0,fa5c2fe15f,group_by,1,9.763,NA,TRUE,900002293;150000797,0.007,NA,FALSE
RYZEN,1733056546,1733056678,groupby,G1_3e8_1e2_0_0,300000000,sum v1 mean v3 by id3,3000000,3,duckdb,1.1.0,fa5c2fe15f,group_by,2,9.433,NA,TRUE,900002293;150000797,0.006,NA,FALSE
RYZEN,1733056546,1733056678,groupby,G1_3e8_1e2_0_0,300000000,mean v1:v3 by id4,100,4,duckdb,1.1.0,fa5c2fe15f,group_by,1,0.483,NA,TRUE,300.0008;799.968;5000.033,0.001,NA,FALSE
RYZEN,1733056546,1733056679,groupby,G1_3e8_1e2_0_0,300000000,mean v1:v3 by id4,100,4,duckdb,1.1.0,fa5c2fe15f,group_by,2,0.265,NA,TRUE,300.0008;799.968;5000.033,0.001,NA,FALSE
RYZEN,1733056546,1733056689,groupby,G1_3e8_1e2_0_0,300000000,sum v1:v3 by id6,3000000,4,duckdb,1.1.0,fa5c2fe15f,group_by,1,10.125,NA,TRUE,900002293;2399903976;15000100117,0.007,NA,FALSE
RYZEN,1733056546,1733056698,groupby,G1_3e8_1e2_0_0,300000000,sum v1:v3 by id6,3000000,4,duckdb,1.1.0,fa5c2fe15f,group_by,2,9.215,NA,TRUE,900002293;2399903976;15000100117,0.008,NA,FALSE
RYZEN,1733056546,1733056702,groupby,G1_3e8_1e2_0_0,300000000,median v3 sd v3 by id4 id5,10000,4,duckdb,1.1.0,fa5c2fe15f,group_by,1,3.789,NA,TRUE,500004.7;288665.8,0.007,NA,FALSE
RYZEN,1733056546,1733056706,groupby,G1_3e8_1e2_0_0,300000000,median v3 sd v3 by id4 id5,10000,4,duckdb,1.1.0,fa5c2fe15f,group_by,2,3.647,NA,TRUE,500004.7;288665.8,0.001,NA,FALSE
RYZEN,1733056546,1733056716,groupby,G1_3e8_1e2_0_0,300000000,max v1 - min v2 by id3,3000000,2,duckdb,1.1.0,fa5c2fe15f,group_by,1,9.708,NA,TRUE,11996269,0.003,NA,FALSE
RYZEN,1733056546,1733056724,groupby,G1_3e8_1e2_0_0,300000000,max v1 - min v2 by id3,3000000,2,duckdb,1.1.0,fa5c2fe15f,group_by,2,8.134,NA,TRUE,11996269,0.003,NA,FALSE
RYZEN,1733056546,1733056740,groupby,G1_3e8_1e2_0_0,300000000,largest two v3 by id6,6000000,2,duckdb,1.1.0,fa5c2fe15f,group_by,1,15.133,NA,TRUE,590994350,0.002,NA,FALSE
RYZEN,1733056546,1733056755,groupby,G1_3e8_1e2_0_0,300000000,largest two v3 by id6,6000000,2,duckdb,1.1.0,fa5c2fe15f,group_by,2,15.24,NA,TRUE,590994350,0.003,NA,FALSE
RYZEN,1733056546,1733056756,groupby,G1_3e8_1e2_0_0,300000000,regression v1 v2 by id2 id4,10000,3,duckdb,1.1.0,fa5c2fe15f,group_by,1,1.177,NA,TRUE,0.3407185,0.001,NA,FALSE
RYZEN,1733056546,1733056758,groupby,G1_3e8_1e2_0_0,300000000,regression v1 v2 by id2 id4,10000,3,duckdb,1.1.0,fa5c2fe15f,group_by,2,1.279,NA,TRUE,0.3407185,0.001,NA,FALSE
RYZEN,1733056546,1733057144,groupby,G1_3e8_1e2_0_0,300000000,sum v3 count by id1:id6,300000000,8,duckdb,1.1.0,fa5c2fe15f,group_by,1,385.548,NA,TRUE,15000100117;300000000,0.198,NA,FALSE
RYZEN,1733056546,1733057295,groupby,G1_3e8_1e2_0_0,300000000,sum v3 count by id1:id6,300000000,8,duckdb,1.1.0,fa5c2fe15f,group_by,2,114.963,NA,TRUE,15000100117;300000000,0.2,NA,FALSE
